Supercharger,Street Address,City,State,Zip,Country,Stalls,kW,Elevation_m,Open Date,Latitude,Longitude,Registration_Count
"Buellton, CA",555 McMurray Rd,Buellton,CALIFORNIA,93427,USA,10,150.0,114,2013-07-13 00:00:00,34.61456,-120.188387,1256646
"Corning, CA",950 Hwy 99,Corning,CALIFORNIA,96021,USA,6,150.0,87,2013-10-18 00:00:00,39.926454,-122.198393,1256646
"Barstow, CA",2812 Lenwood Rd,Barstow,CALIFORNIA,92311,USA,16,150.0,725,2012-11-19 00:00:00,34.849129,-117.085446,1256646
"Tifton, GA",1310 U.S. 82,Tifton,GEORGIA,31794,USA,8,150.0,92,2014-07-10 00:00:00,31.448847,-83.53221,92368
"Roseville, CA",1151 Galleria Blvd,Roseville,CALIFORNIA,95678,USA,7,150.0,66,2014-04-29 00:00:00,38.771208,-121.266149,1256646
"Oxnard, CA",2751 Park View Ct,Oxnard,CALIFORNIA,93036,USA,20,150.0,24,2014-09-24 00:00:00,34.238654,-119.177398,1256646
"Daytona Beach - Gateway North Dr, FL",2330 Gateway N Dr,Daytona Beach,FLORIDA,32117,USA,12,250.0,7,2022-11-19 00:00:00,29.223265,-81.09972,254878
"Port St. Lucie, FL",1701 NW Peacock Blvd,Port St. Lucie,FLORIDA,34986,USA,16,150.0,8,2013-07-25 00:00:00,27.313023,-80.406688,254878
"Dallas - Park Ln, TX",8080 Park Ln,Dallas,TEXAS,75231,USA,16,250.0,179,2021-11-17 00:00:00,32.867639,-96.767245,230125
"El Centro, CA",3451 S Dogwood Rd,El Centro,CALIFORNIA,92243,USA,12,150.0,-8,2014-12-28 00:00:00,32.760837,-115.532486,1256646
"Rosemont, IL",5220 Fashion Outlets Way,Rosemont,ILLINOIS,60018,USA,10,72.0,194,2018-11-06 00:00:00,41.975091,-87.866501,99573
"Indio, CA",42100 Jackson St,Indio,CALIFORNIA,92203,USA,46,250.0,-3,2014-09-26 00:00:00,33.741484,-116.215019,1256646
"Savannah, GA",400 Airways Ave,Savannah,GEORGIA,31408,USA,8,125.0,6,2014-01-15 00:00:00,32.135507,-81.212767,92368
"Holbrook, AZ",2096 Navajo Blvd,Holbrook,ARIZONA,86025,USA,12,250.0,1596,2014-01-15 00:00:00,34.922962,-110.145558,89798
"Mooresville, NC",125 Center Square Dr,Mooresville,NORTH CAROLINA,28117,USA,12,250.0,260,2021-11-19 00:00:00,35.587472,-80.873,70164
"Buckeye, AZ",416 S Watson Rd,Buckeye,ARIZONA,85326,USA,12,250.0,338,2014-03-20 00:00:00,33.443011,-112.556876,89798
"Atascadero, CA",6950 El Camino Real,Atascadero,CALIFORNIA,93422,USA,8,125.0,262,2013-07-03 00:00:00,35.48656,-120.66633,1256646
"Gila Bend, AZ",826 W Pima St,Gila Bend,ARIZONA,85337,USA,16,250.0,221,2014-05-17 00:00:00,32.943969,-112.733506,89798
"Yuma, AZ",310 N Madison Ave,Yuma,ARIZONA,85364,USA,12,250.0,43,2014-02-04 00:00:00,32.726686,-114.619093,89798
"Greenwich - Northbound, CT",3000 Merritt Pkwy,Greenwich,CONNECTICUT,6830,USA,4,150.0,82,2014-02-12 00:00:00,41.041538,-73.671661,31557
"Milford - Northbound, CT",1 CT Turnpike N,Milford,CONNECTICUT,6460,USA,2,120.0,19,2012-12-16 00:00:00,41.245814,-73.008988,31557
"Port Orange, FL",5302 S Williamson Blvd,Port Orange,FLORIDA,32128,USA,6,150.0,7,2013-09-13 00:00:00,29.108566,-81.034569,254878
"Worthington, MN",1290 Ryan's Rd,Worthington,MINNESOTA,56187,USA,6,120.0,478,2013-12-11 00:00:00,43.63385,-95.595647,37050
"Burlington, NC",1080 Piper Ln,Burlington,NORTH CAROLINA,27215,USA,8,120.0,197,2013-10-16 00:00:00,36.07079,-79.511211,70164
"Spearfish, SD",3275 Old Belle Rd,Spearfish,SOUTH DAKOTA,57783,USA,6,150.0,1077,2017-10-30 00:00:00,44.520607,-103.890924,1675
"Santee, SC",114 Bradford Blvd,Santee,SOUTH CAROLINA,29142,USA,8,150.0,39,2013-12-27 00:00:00,33.485858,-80.475763,20873
"Mishawaka, IN",6501 Grape Rd,Mishawaka,INDIANA,46545,USA,6,120.0,234,2013-12-11 00:00:00,41.7174,-86.1887,26101
"Angola, IN",3855 Indiana Rte 127,Angola,INDIANA,46703,USA,6,120.0,329,2013-12-09 00:00:00,41.699048,-85.000326,26101
"Richmond, CA",2157 Meeker Ave,Richmond,CALIFORNIA,94804,USA,12,150.0,4,2019-09-16 00:00:00,37.919969,-122.348976,1256646
"Farmington, NM",4200 Sierra Vista Dr,Farmington,NEW MEXICO,87402,USA,4,120.0,1673,2014-01-10 00:00:00,36.766371,-108.144047,10276
"Goodland, KS",2631 Enterprise Rd,Goodland,KANSAS,67735,USA,6,150.0,1129,2014-06-13 00:00:00,39.326253,-101.725171,11271
"Somerset, PA",1030 N Center Ave,Somerset,PENNSYLVANIA,15501,USA,6,150.0,641,2014-01-10 00:00:00,40.017383,-79.077117,70154
"Ossining, NY",214 South Highland Ave,Ossining,NEW YORK,10510,USA,12,150.0,21,2019-06-14 00:00:00,41.144011,-73.861472,131250
"San Marcos, TX",3939 Interstate 35,San Marcos,TEXAS,78666,USA,12,150.0,202,2013-08-17 00:00:00,29.827692,-97.979677,230125
"Columbus, TX",2535 Texas 71,Columbus,TEXAS,78934,USA,6,120.0,57,2013-10-07 00:00:00,29.690062,-96.537725,230125
"Mitchell, SD",1305 W Havens St,Mitchell,SOUTH DAKOTA,57301,USA,6,120.0,410,2013-12-18 00:00:00,43.701129,-98.04449999999996,1675
"San Luis Obispo - Higuera St, CA",3897 S Higuera St,San Luis Obispo,CALIFORNIA,93401,USA,20,250.0,38,2021-11-19 00:00:00,35.247841,-120.67193,1256646
"East Greenwich, RI",1000 Division St,East Greenwich,RHODE ISLAND,2818,USA,8,150.0,73,2014-01-06 00:00:00,41.660517,-71.497242,6396
"Maumee, OH",1391 Conant St,Maumee,OHIO,43537,USA,8,150.0,192,2014-01-13 00:00:00,41.57835,-83.66465,50393
"Pleasant Prairie, WI",11211 120th Ave,Pleasant Prairie,WISCONSIN,53158,USA,8,120.0,216,2014-02-13 00:00:00,42.518715,-87.950428,24943
"Cranberry Township, PA",1308 Freedom Rd,Cranberry Township,PENNSYLVANIA,16066,USA,6,150.0,312,2014-04-04 00:00:00,40.683982,-80.10839,70154
"Rapid City, SD",2200 N Maple Ave,Rapid City,SOUTH DAKOTA,57701,USA,4,120.0,1006,2013-11-25 00:00:00,44.105601,-103.212569,1675
"Lumberton, NC",5093 Fayetteville Rd,Lumberton,NORTH CAROLINA,28358,USA,8,150.0,40,2014-01-17 00:00:00,34.667629,-79.002343,70164
"Gallup, NM",111 Twin Buttes Rd,Gallup,NEW MEXICO,87301,USA,8,250.0,1970,2014-01-07 00:00:00,35.505278,-108.828094,10276
"St. Augustine - World Commerce Pkwy, FL",200 World Commerce Pkwy,St. Augustine,FLORIDA,32092,USA,12,250.0,10,2022-12-20 00:00:00,29.983752,-81.464138,254878
"El Centro - Wake Ave, CA",330 Wake Ave,El Centro,CALIFORNIA,92243,USA,8,250.0,-11,2022-05-22 00:00:00,32.7729,-115.5501,1256646
"Madison - East Towne Mall, WI",89 E Towne Mall,Madison,WISCONSIN,53704,USA,3,120.0,267,2014-01-13 00:00:00,43.12669,-89.306896,24943
"Truckee - Donner Pass, CA",11290 Donner Pass Rd,Truckee,CALIFORNIA,96161,USA,11,150.0,1967,2014-08-26 00:00:00,39.327507,-120.207373,1256646
"St. George, UT",1091 N Bluff St,St. George,UTAH,84770,USA,8,150.0,887,2014-08-14 00:00:00,37.12645,-113.601865,39998
"Ritzville, WA",105 Galbreath Way,Ritzville,WASHINGTON,99169,USA,4,150.0,570,2014-05-18 00:00:00,47.116294,-118.368328,152101
"Richfield, UT",20 W 1400 N,Richfield,UTAH,84701,USA,4,150.0,1660,2014-04-04 00:00:00,38.787942,-112.085316,39998
"Hays, KS",4101 Vine St,Hays,KANSAS,67601,USA,6,150.0,626,2014-06-12 00:00:00,38.900543,-99.319142,11271
"Green River, UT",1765 East Main St,Green River,UTAH,84525,USA,8,150.0,1240,2014-03-17 00:00:00,38.993577,-110.140513,39998
"Mauston, WI",640 Mc Evoy St,Mauston,WISCONSIN,53948,USA,6,125.0,265,2013-12-09 00:00:00,43.795551,-90.059358,24943
"La Crosse, WI",2845 Midwest Dr,Onalaska,WISCONSIN,54650,USA,6,120.0,219,2014-01-05 00:00:00,43.879042,-91.188428,24943
"Eau Claire, WI",4601 Keystone Crossing,Eau Claire,WISCONSIN,54701,USA,6,120.0,293,2014-01-30 00:00:00,44.77083,-91.43711,24943
"Lusk, WY",730 S Main St,Lusk,WYOMING,82225,USA,4,120.0,1529,2013-12-19 00:00:00,42.75625,-104.45267,1139
"Casa Grande, AZ",2453 E Florence Blvd,Casa Grande,ARIZONA,85194,USA,6,150.0,435,2014-09-30 00:00:00,32.87888,-111.6817421,89798
"Limon, CO",2221 6th St,Limon,COLORADO,80828,USA,14,250.0,1652,2014-06-21 00:00:00,39.2688421,-103.708604,90083
"Vista, CA",401 Vista Village Dr,Vista,CALIFORNIA,92083,USA,20,250.0,98,2022-06-17 00:00:00,33.2008,-117.2455,1256646
"Cordes Lakes, AZ",14925 Cordes Lakes Rd,Mayer,ARIZONA,86333,USA,8,150.0,1150,2014-10-14 00:00:00,34.327131,-112.118432,89798
"Billings, MT",1801 Majestic LN,Billings,MONTANA,59102,USA,4,150.0,978,2014-07-23 00:00:00,45.733716,-108.604573,4608
"Salina, KS",755 W Diamond Dr,Salina,KANSAS,67401,USA,6,150.0,371,2014-07-04 00:00:00,38.877342,-97.618699,11271
"Dayton, OH",9200 N Main St,Dayton,OHIO,45445,USA,8,150.0,257,2014-11-11 00:00:00,39.858702,-84.277027,50393
"Chattanooga, TN",1001 Airport Rd,Chattanooga,TENNESSEE,37421,USA,6,150.0,204,2014-09-04 00:00:00,35.038644,-85.19593,33221
"South Hill, VA",1791 N Mecklenburg Ave,South Hill,VIRGINIA,23970,USA,6,150.0,125,2014-08-07 00:00:00,36.748445,-78.103764,84936
"DeFuniak Springs, FL",10th St and Baldwin Ave,DeFuniak Springs,FLORIDA,32435,USA,5,150.0,76,2015-01-09 00:00:00,30.720702,-86.116677,254878
"San Jose - Saratoga Ave, CA",1320 Saratoga Ave,San Jose,CALIFORNIA,95129,USA,12,250.0,62,2022-11-30 00:00:00,37.3006,-121.9812,1256646
"New Boston, TX",1890 US Hwy 82,New Boston,TEXAS,75570,USA,16,250.0,112,2022-12-22 00:00:00,33.469659,-94.454696,230125
"Portland, OR",10280 NE Cascades Parkway,Portland,OREGON,97220,USA,16,250.0,7,2023-01-27 00:00:00,45.572631,-122.554017,64361
"Sagamore Beach, MA",22 Meetinghouse Ln,Sagamore Beach,MASSACHUSETTS,2562,USA,8,150.0,26,2014-10-27 00:00:00,41.781242,-70.540271,73768
"Bozeman, MT",2023 Commerce Way,Bozeman,MONTANA,59715,USA,4,150.0,1442,2014-10-23 00:00:00,45.700078,-111.062569,4608
"Brandon, FL",2400 W Brandon Blvd,Brandon,FLORIDA,33511,USA,8,150.0,12,2014-09-25 00:00:00,27.9408309,-82.3236485,254878
"Lake City, FL",2893 W US Highway 90,Lake City,FLORIDA,32055,USA,6,150.0,46,2014-08-20 00:00:00,30.181429,-82.679701,254878
"Charlotte, NC",2720 Mallard Creek Church RD,Charlotte,NORTH CAROLINA,28262,USA,8,150.0,232,2015-02-25 00:00:00,35.341213,-80.766023,70164
"Hallandale Beach, FL",701 N Federal Hwy,Hallandale Beach,FLORIDA,33009,USA,8,250.0,2,2022-11-18 00:00:00,25.993528,-80.143183,254878
"Turkey Lake, FL",Turkey Lake Service Plaza,Turkey Lake,FLORIDA,32835,USA,6,150.0,1,2014-11-21 00:00:00,28.514874,-81.500214,254878
"Baton Rouge, LA",3535 Perkins Rd,Baton Rouge,LOUISIANA,70808,USA,6,150.0,10,2015-01-22 00:00:00,30.423892,-91.154637,8150
"Phoenix - Agua Fria Fwy, AZ",2805 W Agua Fria Fwy,Phoenix,ARIZONA,85027,USA,16,150.0,417,2018-03-21 00:00:00,33.667011,-112.120891,89798
"Soledad - Front St, CA",100 Front St,Soledad,CALIFORNIA,93960,USA,8,250.0,56,2021-11-21 00:00:00,36.429889,-121.334477,1256646
"Auburn, MA",385 Southbridge St,Auburn,MASSACHUSETTS,1501,USA,8,150.0,154,2014-12-29 00:00:00,42.203764,-71.832954,73768
"Ocala, FL",4414 SW College Rd,Ocala,FLORIDA,34474,USA,8,150.0,23,2014-11-03 00:00:00,29.140985,-82.19395,254878
"Topeka, KS",5930 Huntoon St,Topeka,KANSAS,66614,USA,8,150.0,283,2014-10-17 00:00:00,39.044199,-95.76046,11271
"Big Timber, MT",228 Big Timber Loop Rd,Big Timber,MONTANA,59011,USA,4,150.0,1246,2014-10-22 00:00:00,45.836201,-109.943317,4608
"Lake Charles, LA",1772 W Prien Lake Rd,Lake Charles,LOUISIANA,70601,USA,6,150.0,3,2014-12-21 00:00:00,30.199071,-93.248782,8150
"Deerfield Beach, FL",20 SW 12th Ave,Deerfield Beach,FLORIDA,33442,USA,8,250.0,4,2020-02-25 00:00:00,26.317736,-80.119643,254878
"Fort Drum, FL",184 Florida's Turnpike,Okeechobee,FLORIDA,34972,USA,10,150.0,16,2014-11-26 00:00:00,27.601444,-80.822187,254878
"Country Club Hills, IL",4201 167th St,Country Club Hills,ILLINOIS,60478,USA,8,150.0,205,2014-11-08 00:00:00,41.584927,-87.721062,99573
"Salamanca, NY",777 Seneca Allegany Blvd,Salamanca,NEW YORK,14779,USA,8,120.0,429,2019-01-31 00:00:00,42.153067,-78.747726,131250
"Lynnwood, WA",2902 164th St SW,Lynnwood,WASHINGTON,98087,USA,10,72.0,131,2018-01-20 00:00:00,47.846712,-122.271391,152101
"Denver, CO",4310 Airport Way,Denver,COLORADO,80239,USA,10,150.0,1641,2014-11-08 00:00:00,39.775259,-104.794674,90083
"Denton, TX",2710 W University Dr,Denton,TEXAS,76201,USA,6,150.0,212,2015-11-04 00:00:00,33.231403,-97.166419,230125
"Butte, MT",2900 Harrison Ave,Butte,MONTANA,59701,USA,6,150.0,1666,2014-12-04 00:00:00,45.981226,-112.507161,4608
"Dubuque, IA",Hy-Vee 400 S Locust St,Dubuque,IOWA,52003,USA,8,150.0,186,2018-05-02 00:00:00,42.48773,-90.663624,9031
"Chula Vista - Telegraph Canyon Rd, CA",505 Telegraph Canyon Rd,Chula Vista,CALIFORNIA,91910,USA,12,250.0,65,2022-12-04 00:00:00,32.628946,-117.041103,1256646
"Superior, MT",205 E 4th Ave,Superior,MONTANA,59872,USA,4,150.0,835,2014-12-05 00:00:00,47.192149,-114.888901,4608
"Hooksett (north), NH",Interstate 93 N,Hooksett,NEW HAMPSHIRE,3106,USA,10,150.0,90,2015-01-20 00:00:00,43.109587,-71.474575,9861
"West Wendover, NV",810 Wendover Blvd,West Wendover,NEVADA,89883,USA,6,150.0,1335,2015-01-22 00:00:00,40.738399,-114.058998,47361
"Fort Washington, PA",1145 Virginia Dr,Fort Washington,PENNSYLVANIA,19034,USA,8,250.0,59,2023-05-25 00:00:00,40.139399,-75.172384,70154
"Brooklyn - N 12th Street, NY",113 N 12th St,Brooklyn,NEW YORK,11249,USA,4,72.0,6,2017-10-09 00:00:00,40.721861,-73.956629,131250
"Hooksett (south), NH",Interstate 93 S,Hooksett,NEW HAMPSHIRE,3106,USA,12,150.0,95,2015-01-15 00:00:00,43.108363,-71.477625,9861
"Marathon, FL",9400 Overseas Hwy,Marathon,FLORIDA,33050,USA,4,150.0,1,2015-05-02 00:00:00,24.725916,-81.047519,254878
"Rocklin (SC), CA",4361 Granite Dr,Rocklin,CALIFORNIA,95677,USA,18,150.0,98,2015-02-20 00:00:00,38.800537,-121.210485,1256646
"Chicago - S Pulaski Rd, IL",4433 S Pulaski Rd,Chicago,ILLINOIS,60632,USA,12,250.0,181,2022-10-31 00:00:00,41.8133,-87.72189,99573
"Tooele, UT",1568 East Saddleback Blvd,Tooele,UTAH,84074,USA,6,150.0,1290,2015-02-25 00:00:00,40.684486,-112.268818,39998
"Elko, NV",2755 Mountain City Hwy,Elko,NEVADA,89801,USA,6,150.0,1574,2015-02-03 00:00:00,40.836301,-115.790859,47361
"Lovelock, NV",150 Main St,Lovelock,NEVADA,89419,USA,4,150.0,1213,2015-01-28 00:00:00,40.179476,-118.472135,47361
"Inyokern, CA",1353 Brown Rd,Inyokern,CALIFORNIA,93527,USA,4,150.0,742,2015-03-20 00:00:00,35.646461,-117.812629,1256646
"San Mateo - Bridgepointe Pkwy, CA",2220 Bridgepointe Pkwy,San Mateo,CALIFORNIA,94404,USA,12,120.0,3,2017-11-01 00:00:00,37.558546,-122.284614,1256646
"Dedham (SC), MA",840 Providence Highway,Dedham,MASSACHUSETTS,2026,USA,8,120.0,29,2015-08-08 00:00:00,42.236417,-71.17825,73768
"Auburn - S College St, AL",110 E University Dr,Auburn,ALABAMA,36832,USA,12,250.0,186,2022-05-12 00:00:00,32.57645,-85.497641,13047
"Trinidad, CO",9960 Santa Fe Trail,Trinidad,COLORADO,81082,USA,9,250.0,1933,2015-07-30 00:00:00,37.134228,-104.519962,90083
"Effingham, IL",1200 North Keller Dr,Effingham,ILLINOIS,62401,USA,6,150.0,184,2015-03-28 00:00:00,39.137048,-88.563736,99573
"Redondo Beach, CA",2410 Marine Ave,Redondo Beach,CALIFORNIA,90278,USA,8,150.0,21,2015-01-20 00:00:00,33.894294,-118.367379,1256646
"Shamrock, TX",107 East 12th St,Shamrock,TEXAS,79079,USA,6,150.0,704,2015-02-20 00:00:00,35.226765,-100.24836,230125
"Weatherford, OK",1301 N Airport Rd by Lucille's Roadhouse,Weatherford,OKLAHOMA,73096,USA,6,150.0,485,2015-03-11 00:00:00,35.53859,-98.66012,22843
"Tucumcari, NM",2624 South Adams St,Tucumcari,NEW MEXICO,88401,USA,6,150.0,1253,2015-04-21 00:00:00,35.153963,-103.722539,10276
"Santa Rosa, NM",2516 Historic Rt 66,Santa Rosa,NEW MEXICO,88435,USA,6,150.0,1440,2015-03-13 00:00:00,34.947013,-104.647997,10276
"Wichita, KS",4760 S Broadway St,Wichita,KANSAS,67216,USA,6,150.0,388,2015-01-21 00:00:00,37.60878,-97.33314,11271
"St. Charles, MO",2021 Zumbehl Rd,St. Charles,MISSOURI,63303,USA,5,150.0,149,2015-04-15 00:00:00,38.782139,-90.532862,26861
"Council Bluffs, IA",3815 Metro Dr,Council Bluffs,IOWA,51501,USA,8,150.0,299,2015-03-11 00:00:00,41.220935,-95.835622,9031
"Cupertino, CA",19500 Vallco Parkway,Cupertino,CALIFORNIA,95014,USA,10,150.0,55,2018-03-29 00:00:00,37.324372,-122.009179,1256646
"Albany, GA",2825 Ledo Rd,Albany,GEORGIA,31707,USA,12,250.0,75,2022-08-12 00:00:00,31.62396,-84.215788,92368
"Auburn, AL",1627 Opelika Rd,Auburn,ALABAMA,36830,USA,6,150.0,222,2014-12-23 00:00:00,32.627837,-85.445105,13047
"Mojave - 16940 Hwy 14, CA",Anthony's Grill 16940 California 14 Hwy 14,Mojave,CALIFORNIA,93501,USA,12,250.0,866,2015-03-27 00:00:00,35.068595,-118.174576,1256646
"Lexington, KY",2155 Paul Jones Way,Lexington,KENTUCKY,40509,USA,20,250.0,310,2015-01-30 00:00:00,38.017955,-84.420664,11617
"Independence, MO",18001 Bass Pro Dr,Independence,MISSOURI,64055,USA,6,150.0,245,2015-02-17 00:00:00,39.040814,-94.369265,26861
"San Mateo, CA",1200 Park Pl,San Mateo,CALIFORNIA,94403,USA,8,150.0,3,2015-07-10 00:00:00,37.544632,-122.290188,1256646
"Las Vegas, NM",2500 N Grand Ave,Las Vegas,NEW MEXICO,87701,USA,6,150.0,1971,2015-09-14 00:00:00,35.622007,-105.20541,10276
"Albuquerque, NM",2600 Menaul Blvd NE,Albuquerque,NEW MEXICO,87107,USA,6,150.0,1558,2015-09-04 00:00:00,35.108962,-106.612794,10276
"Sheridan, WY",612 North Main St,Sheridan,WYOMING,82801,USA,4,150.0,1136,2015-07-15 00:00:00,44.804565,-106.956363,1139
"Norfolk, VA",5900 E Virginia Beach Blvd,Norfolk,VIRGINIA,23502,USA,6,150.0,5,2015-10-18 00:00:00,36.860525,-76.207467,84936
"Mountain View, CA",1401 N Shoreline Blvd,Mountain View,CALIFORNIA,94043,USA,12,150.0,6,2015-06-10 00:00:00,37.415344,-122.076607,1256646
"Sheboygan, WI","595 Taylor Dr, by Festival Foods",Sheboygan,WISCONSIN,53081,USA,8,150.0,200,2015-10-07 00:00:00,43.749912,-87.747073,24943
"Braintree, MA",250 Granite St,Braintree,MASSACHUSETTS,2184,USA,8,72.0,23,2019-07-25 00:00:00,42.222955,-71.021964,73768
"Newburgh, NY",1217 Route 300,Newburgh,NEW YORK,12550,USA,6,120.0,104,2015-06-23 00:00:00,41.499775,-74.071261,131250
"Oklahoma City, OK",7624 West Reno Ave #380,Oklahoma City,OKLAHOMA,73127,USA,8,150.0,372,2015-07-31 00:00:00,35.461704,-97.651445,22843
"Virginia Beach - Lynnhaven Pkwy, VA",1579 Lynnhaven Pkwy,Virginia Beach,VIRGINIA,23453,USA,8,250.0,5,2023-04-28 00:00:00,36.795662,-76.102691,84936
"Duluth, MN",200 W 1st St,Duluth,MINNESOTA,55802,USA,4,150.0,200,2015-07-17 00:00:00,46.784467,-92.10232,37050
"Newark, CA",3100 Newpark Mall,Newark,CALIFORNIA,94560,USA,16,72.0,9,2019-09-19 00:00:00,37.525905,-122.006624,1256646
"Houston, TX",14820 North Fwy,Houston,TEXAS,77090,USA,6,150.0,31,2015-07-09 00:00:00,29.980741,-95.421697,230125
"Santa Ana, CA",2800 N Main St,Santa Ana,CALIFORNIA,92705,USA,12,150.0,47,2016-12-06 00:00:00,33.776011,-117.872176,1256646
"Pendleton, OR",46510 Wildhorse Blvd,Pendleton,OREGON,97801,USA,8,150.0,437,2015-05-28 00:00:00,45.64655,-118.68198,64361
"Columbia, MO",915 Port Way,Columbia,MISSOURI,65201,USA,8,150.0,254,2015-09-11 00:00:00,38.957816,-92.252773,26861
"Asheville - 4 S Tunnel Rd, NC",4 S Tunnel Rd,Asheville,NORTH CAROLINA,28805,USA,8,250.0,635,2023-02-03 00:00:00,35.581912,-82.523642,70164
"Fayetteville, NC",1965 Cedar Creek Rd,Fayetteville,NORTH CAROLINA,28312,USA,16,150.0,28,2017-11-06 00:00:00,35.009527,-78.822416,70164
"Cadillac, MI",8605 34 Rd,Cadillac,MICHIGAN,49601,USA,8,150.0,393,2015-12-23 00:00:00,44.282551,-85.403096,50284
"Kennewick, WA",2811 W 10th Ave,Kennewick,WASHINGTON,99336,USA,8,150.0,167,2015-09-04 00:00:00,46.198085,-119.162734,152101
"Price, UT",925 West Westwood Blvd,Price,UTAH,84501,USA,8,150.0,1207,2015-10-16 00:00:00,39.600731,-110.831701,39998
"South Burlington, VT",222 Dorset St,South Burlington,VERMONT,5403,USA,8,150.0,93,2015-11-04 00:00:00,44.462814,-73.179316,7816
"Boise, ID",1426 S Entertainment Ave,Boise,IDAHO,83709,USA,8,150.0,837,2015-08-07 00:00:00,43.592292,-116.279467,8501
"Fountain Valley, CA",17900 Newhope St,Fountain Valley,CALIFORNIA,92708,USA,16,150.0,11,2015-08-28 00:00:00,33.70278,-117.934127,1256646
"Pecos, TX",N Frontage St,Pecos,TEXAS,79772,USA,8,150.0,786,2018-10-15 00:00:00,31.400223,-103.486931,230125
"Tallahassee, FL",1400 Village Square Blvd,Tallahassee,FLORIDA,32309,USA,6,150.0,63,2015-09-23 00:00:00,30.510935,-84.247838,254878
"Jarrell, TX",11810 N I-35,Jarrell,TEXAS,76537,USA,8,250.0,276,2023-05-25 00:00:00,30.814396,-97.610506,230125
"San Rafael, CA",340 3rd St,San Rafael,CALIFORNIA,94901,USA,8,250.0,3,2023-02-04 00:00:00,37.971375,-122.517193,1256646
"Buttonwillow, CA",20673 Tracy Ave,Buttonwillow,CALIFORNIA,93206,USA,10,150.0,90,2016-01-29 00:00:00,35.400105,-119.397796,1256646
"Sandy, OR",16625 SE 362nd Dr,Sandy,OREGON,97055,USA,8,150.0,236,2015-11-04 00:00:00,45.403531,-122.294242,64361
"Mammoth Lakes, CA",165 Old Mammoth Rd,Mammoth Lakes,CALIFORNIA,93546,USA,8,150.0,2390,2016-01-21 00:00:00,37.644544,-118.965875,1256646
"Beatty, NV",700 US-95,Beatty,NEVADA,89003,USA,8,150.0,1011,2016-02-09 00:00:00,36.913718,-116.754371,47361
"Twin Falls, ID","Twin Falls Tourist Center, 2015 Nielsen Point Place",Twin Falls,IDAHO,83301,USA,8,150.0,1098,2015-10-28 00:00:00,42.597887,-114.455249,8501
"Allentown, PA","Tilghman Square, 4680 Broadway",Allentown,PENNSYLVANIA,18104,USA,16,250.0,125,2016-01-21 00:00:00,40.588102,-75.559904,70154
"Ukiah, CA",310 S State St,Ukiah,CALIFORNIA,95482,USA,8,150.0,193,2016-01-13 00:00:00,39.1481,-123.208604,1256646
"Fresno, CA",6709 North Riverside Dr,Fresno,CALIFORNIA,93704,USA,10,150.0,91,2016-01-29 00:00:00,36.835455,-119.91058,1256646
"Amarillo, TX",8271 W Amarillo Blvd,Amarillo,TEXAS,79124,USA,8,150.0,1134,2015-11-05 00:00:00,35.189035,-101.931478,230125
"Binghamton, NY",1062 Front St,Binghamton,NEW YORK,13905,USA,8,150.0,262,2015-11-01 00:00:00,42.145553,-75.901755,131250
"Tannersville, PA",1000 Premium Outlets Dr,Tannersville,PENNSYLVANIA,18372,USA,8,150.0,284,2015-12-14 00:00:00,41.045431,-75.312244,70154
"Hinckley, MN",404 Fire Monument Rd,Hinckley,MINNESOTA,55037,USA,8,150.0,313,2015-10-21 00:00:00,46.009592,-92.93155,37050
"Baxter, MN",6967 Lake Forest Rd,Baxter,MINNESOTA,56425,USA,8,150.0,369,2015-10-21 00:00:00,46.378868,-94.256413,37050
"Kingsland, GA",Kingsland Welcome Center 1190 East Boone Ave,Kingsland,GEORGIA,31548,USA,8,150.0,9,2015-11-18 00:00:00,30.790764,-81.663729,92368
"Colorado Springs, CO",215 North Cascade Ave,Colorado Springs,COLORADO,80903,USA,8,150.0,1835,2015-12-29 00:00:00,38.837573,-104.824907,90083
"Tonopah, NV",171 Main St,Tonopah,NEVADA,89049,USA,8,150.0,1834,2016-06-03 00:00:00,38.069801,-117.232243,47361
"Victoria, TX",3107 South Laurent St,Victoria,TEXAS,77901,USA,6,150.0,23,2015-12-30 00:00:00,28.766853,-96.978988,230125
"Slidell, LA",Fremaux Town Center 1303 Town Center Pkwy,Slidell,LOUISIANA,70458,USA,8,150.0,3,2016-02-06 00:00:00,30.266552,-89.760156,8150
"Wytheville, VA",165 Malin Dr,Wytheville,VIRGINIA,24382,USA,6,150.0,683,2015-12-30 00:00:00,36.945795,-81.054406,84936
"Rocky Mount, NC",651 N Winstead Ave,Rocky Mount,NORTH CAROLINA,27804,USA,8,120.0,40,2013-11-08 00:00:00,35.972874,-77.84687,70164
"Louisville, KY",2120 Gardiner Ln,Louisville,KENTUCKY,40205,USA,8,150.0,151,2015-12-30 00:00:00,38.211846,-85.673087,11617
"Charlotte - Toringdon Way, NC",3429 Toringdon Way,Charlotte,NORTH CAROLINA,28277,USA,12,150.0,174,2019-11-09 00:00:00,35.069252,-80.842291,70164
"Pearl, MS",200 Bass Pro Dr,Pearl,MISSISSIPPI,39208,USA,8,150.0,79,2016-03-31 00:00:00,32.274159,-90.151048,3590
"Temecula, CA",40820 Winchester Rd,Temecula,CALIFORNIA,92591,USA,10,150.0,324,2016-05-10 00:00:00,33.52421,-117.152568,1256646
"Hawthorne, NV",705 Hwy 362,Hawthorne,NEVADA,89415,USA,8,150.0,1301,2016-05-03 00:00:00,38.533939,-118.62308,47361
"Lima, MT","108 Bailey St,",Lima,MONTANA,59739,USA,8,150.0,1912,2017-01-09 00:00:00,44.632745,-112.591203,4608
"Sweetwater, TX",300 SE Georgia Ave,Sweetwater,TEXAS,79556,USA,8,150.0,660,2016-08-19 00:00:00,32.450591,-100.392455,230125
"Cisco, TX",16851 Interstate Highway 20,Cisco,TEXAS,76437,USA,8,150.0,513,2016-08-19 00:00:00,32.374263,-99.007197,230125
"Rolla, MO",1705 Martin Spring Dr,Rolla,MISSOURI,65401,USA,8,150.0,293,2016-09-27 00:00:00,37.940064,-91.801658,26861
"Lexington, VA",880 N Lee Hwy,Lexington,VIRGINIA,24450,USA,6,150.0,319,2015-12-16 00:00:00,37.796979,-79.419007,84936
"Champaign, IL",2401 N Prospect Ave,Champaign,ILLINOIS,61822,USA,8,150.0,228,2016-03-23 00:00:00,40.146209,-88.259884,99573
"Red Bluff - S Main St, CA",725 S Main St,Red Bluff,CALIFORNIA,96080,USA,12,250.0,88,2022-07-02 00:00:00,40.163072,-122.228937,1256646
"Columbus - Hilliard Rome Rd, OH",1661 Hilliard Rome Rd,Columbus,OHIO,43228,USA,12,250.0,285,2023-05-12 00:00:00,39.9831,-83.1529,50393
"Peru, IL",1651 Midtown Rd,Peru,ILLINOIS,61354,USA,20,250.0,195,2016-06-22 00:00:00,41.348503,-89.126115,99573
"Terre Haute, IN","Meijer, 5600 E, New Margaret Dr",Terre Haute,INDIANA,47803,USA,8,150.0,171,2016-03-30 00:00:00,39.443345,-87.331737,26101
"West Yellowstone, MT",201 S Canyon St,West Yellowstone,MONTANA,59758,USA,8,150.0,2034,2016-05-25 00:00:00,44.656089,-111.099022,4608
"Lindale, TX",Collin St Bakery 17044 I-20,Lindale,TEXAS,75771,USA,8,150.0,167,2016-06-08 00:00:00,32.470885,-95.450473,230125
"Reno, NV",3800 S Virginia St,Reno,NEVADA,89509,USA,6,150.0,1356,2016-05-05 00:00:00,39.489732,-119.794179,47361
"Pocatello, ID","Clarion Inn, 1399 Bench Rd",Pocatello,IDAHO,83201,USA,8,150.0,1409,2016-05-24 00:00:00,42.899615,-112.435248,8501
"Idaho Falls, ID",940 Pier View Dr,Idaho Falls,IDAHO,83402,USA,8,150.0,1426,2016-06-09 00:00:00,43.485152,-112.05205,8501
"Bend, OR",61535 S Highway 97,Bend,OREGON,97702,USA,8,150.0,1142,2016-06-17 00:00:00,44.03563,-121.308473,64361
"Southampton, NY",850 County Road 39,Southampton,NEW YORK,11968,USA,8,120.0,14,2016-06-03 00:00:00,40.891909,-72.426995,131250
"Meridian, MS",1210 Bonita Lakes Dr,Meridian,MISSISSIPPI,39301,USA,8,150.0,123,2016-10-07 00:00:00,32.35778,-88.671246,3590
"Plattsburgh, NY",60 Smithfield Blvd,Plattsburgh,NEW YORK,12901,USA,8,120.0,94,2016-06-09 00:00:00,44.704537,-73.491829,131250
"Egg Harbor Township, NJ",3121 Fire Rd,Egg Harbor Township,NEW JERSEY,8234,USA,8,120.0,9,2016-06-23 00:00:00,39.393663,-74.562619,134753
"Springfield, MO",3050 North Kentwood St,Springfield,MISSOURI,65803,USA,8,150.0,398,2016-11-16 00:00:00,37.251836,-93.265534,26861
"Miner, MO",2612 E Malone Ave,Miner,MISSOURI,63801,USA,8,150.0,94,2016-06-01 00:00:00,36.893583,-89.533986,26861
"Oakdale, MN",7180 10th St N,Oakdale,MINNESOTA,55128,USA,8,150.0,329,2016-08-17 00:00:00,44.96499,-92.96129,37050
"Shreveport, LA",1133 St. Vincent Ave,Shreveport,LOUISIANA,71104,USA,8,150.0,59,2016-05-12 00:00:00,32.478594,-93.75437,8150
"West Des Moines, IA",1725 Jordan Creek Pkwy,West Des Moines,IOWA,50266,USA,8,150.0,300,2016-10-21 00:00:00,41.599019,-93.806336,9031
"Memphis, TN",1203 Ridgeway Rd,Memphis,TENNESSEE,38119,USA,8,150.0,95,2016-12-01 00:00:00,35.097801,-89.858957,33221
"Santa Barbara, CA",3943 State St,Santa Barbara,CALIFORNIA,93105,USA,16,250.0,61,2021-10-04 00:00:00,34.440227,-119.753359,1256646
"Catoosa, OK",777 W Cherokee St,Catoosa,OKLAHOMA,74015,USA,8,150.0,209,2016-07-16 00:00:00,36.167631,-95.766044,22843
"Bowling Green, KY",1676 Westpark Dr,Bowling Green,KENTUCKY,42104,USA,8,150.0,162,2016-06-24 00:00:00,36.955196,-86.438854,11617
"Lincoln City, OR",1500 SE East Devils Lake Rd,Lincoln City,OREGON,97138,USA,8,150.0,24,2016-08-19 00:00:00,44.957751,-124.010966,64361
"Alexandria, LA",701 4th St,Alexandria,LOUISIANA,71301,USA,8,150.0,23,2016-06-07 00:00:00,31.312424,-92.446436,8150
"Folsom - Palladio Pkwy, CA",220 Palladio Pkwy,Folsom,CALIFORNIA,95630,USA,30,250.0,116,2016-08-13 00:00:00,38.647199,-121.118344,1256646
"Waller, TX",40900 US-290,Waller,TEXAS,77484,USA,16,250.0,80,2022-05-26 00:00:00,30.070698,-95.930431,230125
"Goleta, CA",7004 Market Pl Dr,Goleta,CALIFORNIA,93117,USA,12,250.0,9,2020-05-06 00:00:00,34.427015,-119.871768,1256646
"Aberdeen, MD","Maryland House Sevice Plaza, I-95",Aberdeen,MARYLAND,21001,USA,8,150.0,76,2017-09-01 00:00:00,39.498017,-76.231196,72139
"Port Huron, MI",500 Thomas Edison Pkwy,Port Huron,MICHIGAN,48060,USA,8,150.0,182,2016-08-18 00:00:00,42.998817,-82.428935,50284
"Monroe, LA",4915 Pecanland Mall Dr,Monroe,LOUISIANA,71203,USA,8,150.0,21,2016-09-16 00:00:00,32.496554,-92.055091,8150
"Three Rivers, TX","2645 S Hwy 37, I-37 Exit 72",Three Rivers,TEXAS,78071,USA,8,150.0,51,2016-09-30 00:00:00,28.521614,-98.185829,230125
"Davenport, IA",North Ridge Shopping Center 4064 E 53rd St,Davenport,IOWA,52807,USA,8,150.0,219,2016-10-21 00:00:00,41.575888,-90.513526,9031
"Columbus, OH",70 E Goodale St,Columbus,OHIO,43215,USA,10,72.0,230,2019-02-15 00:00:00,39.974472,-83.00092,50393
"National Harbor - Potomac Passage, MD",150 Potomac Passage,National Harbor,MARYLAND,20745,USA,12,72.0,11,2019-02-16 00:00:00,38.785335,-77.014771,72139
"Lee, MA",10 Pleasant St,Lee,MASSACHUSETTS,1238,USA,8,150.0,267,2016-08-20 00:00:00,42.29571,-73.239245,73768
"Page, AZ",600 Clubhouse Dr,Page,ARIZONA,86040,USA,8,150.0,1239,2016-09-10 00:00:00,36.924902,-111.468041,89798
"Lincoln, NE",5020 N 27th St,Lincoln,NEBRASKA,68521,USA,8,150.0,368,2017-01-05 00:00:00,40.860817,-96.679723,6920
"Kingsville, TX",2400 South Highway 77,Kingsville,TEXAS,78363,USA,8,150.0,17,2016-11-15 00:00:00,27.493808,-97.844399,230125
"Brewer, ME",5 Walton Dr,Brewer,MAINE,4412,USA,8,150.0,43,2016-09-02 00:00:00,44.775909,-68.73432,7377
"Bloomsburg, PA",11 Ricky Ave,Bloomsburg,PENNSYLVANIA,17815,USA,8,150.0,197,2016-10-14 00:00:00,41.016143,-76.492616,70154
"Berlin, VT",213 Payne Turnpike,Berlin,VERMONT,5602,USA,8,150.0,299,2016-10-03 00:00:00,44.212532,-72.576462,7816
"Watertown, NY",21182 Salmon Run Mall Loop W,Watertown,NEW YORK,13601,USA,8,120.0,156,2016-06-24 00:00:00,43.979585,-75.954114,131250
"Queensbury, NY","Aviation Mall, 578 Aviation Rd",Queensbury,NEW YORK,12804,USA,8,120.0,130,2016-07-15 00:00:00,43.328388,-73.679992,131250
"Marina Del Rey, CA",13534 Bali Way,Marina Del Rey,CALIFORNIA,90292,USA,8,250.0,4,2022-07-28 00:00:00,33.980394,-118.445237,1256646
"Gustine, CA",12411 California Highway 33,Gustine,CALIFORNIA,95322,USA,12,150.0,47,2016-11-16 00:00:00,37.109305,-121.017565,1256646
"Bakersfield, CA",29541 Stockdale Hwy,Bakersfield,CALIFORNIA,93314,USA,10,150.0,93,2016-09-29 00:00:00,35.354643,-119.331607,1256646
"Ozona, TX",1307 Avenue A,Ozona,TEXAS,76943,USA,6,150.0,718,2017-01-19 00:00:00,30.706696,-101.195962,230125
"Loveland, CO",Embassy Suites at 4705 Clydesdale Pkwy,Loveland,COLORADO,80538,USA,10,150.0,1546,2016-12-29 00:00:00,40.44146,-104.991205,90083
"Ogallala, NE",501 Stagecoach Trail,Ogallala,NEBRASKA,69153,USA,8,150.0,977,2016-12-02 00:00:00,41.116493,-101.709415,6920
"Gothenburg, NE",318 Platte River Rd,Gothenburg,NEBRASKA,69138,USA,8,150.0,780,2016-12-02 00:00:00,40.917317,-100.169913,6920
"Channelview, TX",16311 East Fwy,Channelview,TEXAS,77530,USA,8,150.0,7,2016-10-10 00:00:00,29.784665,-95.110612,230125
"Birmingham, AL",2221 Richard Arrington Jr Blvd N,Birmingham,ALABAMA,35203,USA,8,150.0,182,2016-11-16 00:00:00,33.525917,-86.806875,13047
"North Aurora, IL",151 Hansen Blvd,North Aurora,ILLINOIS,60542,USA,16,250.0,212,2016-10-05 00:00:00,41.802949,-88.370249,99573
"Childress, TX",1300 Avenue F NW,Childress,TEXAS,79201,USA,8,150.0,580,2016-10-19 00:00:00,34.432426,-100.218676,230125
"Twentynine Palms, CA",73829 Baseline Rd,Twentynine Palms,CALIFORNIA,92277,USA,8,150.0,631,2016-12-09 00:00:00,34.12046,-116.050953,1256646
"Brush, CO",1156 Colorado Ave,Brush,COLORADO,80723,USA,8,150.0,1289,2016-12-31 00:00:00,40.270895,-103.62223,90083
"Oswego, IL",2700 US-34,Oswego,ILLINOIS,60543,USA,12,250.0,202,2022-05-28 00:00:00,41.699456,-88.3123,99573
"Jackson, TN",56 Casey Jones Ln,Jackson,TENNESSEE,38305,USA,8,150.0,100,2016-11-30 00:00:00,35.660349,-88.855771,33221
"Jackson, WY",1155 S Highway 89,Jackson,WYOMING,83001,USA,8,150.0,1868,2016-10-19 00:00:00,43.463995,-110.794875,1139
"Tarrytown, NY",600 White Plains Rd,Tarrytown,NEW YORK,10591,USA,12,120.0,51,2016-12-02 00:00:00,41.061499,-73.836411,131250
"Las Vegas - Las Vegas Blvd S, NV",6509 S Las Vegas Blvd,Las Vegas,NEVADA,89119,USA,10,150.0,673,2017-03-08 00:00:00,36.070633,-115.17295,47361
"Nephi - S Main St, UT",2120 S Main St,Nephi,UTAH,84648,USA,8,250.0,1555,2023-05-28 00:00:00,39.677755,-111.841252,39998
"Fort Stockton, TX",2571 N Front St,Fort Stockton,TEXAS,79735,USA,8,150.0,901,2018-10-15 00:00:00,30.905492,-102.88453,230125
"Knoxville, TN",11038 Parkside Dr,Knoxville,TENNESSEE,37934,USA,8,150.0,286,2015-05-27 00:00:00,35.901319,-84.149634,33221
"Groveland, CA",11875 Ponderosa Ln,Groveland,CALIFORNIA,95321,USA,7,150.0,865,2016-12-16 00:00:00,37.838679,-120.23199,1256646
"Midland, TX",3001 Antelope Trail,Midland,TEXAS,79703,USA,8,150.0,863,2016-12-24 00:00:00,31.947361,-102.141289,230125
"Junction, TX",2415 N Main St,Junction,TEXAS,76849,USA,8,150.0,519,2017-01-04 00:00:00,30.509233,-99.77456,230125
"Fish Camp, CA",1122 California 41,Fish Camp,CALIFORNIA,93623,USA,8,150.0,1557,2016-12-15 00:00:00,37.473828,-119.635893,1256646
"Grand Island, NE",3335 W Wood River Rd,Grand Island,NEBRASKA,68803,USA,8,150.0,574,2017-01-06 00:00:00,40.829973,-98.379822,6920
"Clearwater, MN",950 MN-24,Clearwater,MINNESOTA,55320,USA,8,150.0,304,2016-12-22 00:00:00,45.411899,-94.054852,37050
"Texarkana, TX",3101 Mall Dr,Texarkana,TEXAS,75503,USA,8,150.0,100,2016-12-21 00:00:00,33.459926,-94.077179,230125
"Mt. Gilead, OH",6200 State Route 95,Mt. Gilead,OHIO,43338-9548,USA,8,150.0,354,2016-12-16 00:00:00,40.494024,-82.712896,50393
"Evanston, WY",101 Wasatch Rd,Evanston,WYOMING,82930,USA,8,150.0,2080,2017-07-18 00:00:00,41.263157,-110.985309,1139
"Arlington, TX",1200 Ballpark Way,Arlington,TEXAS,76011,USA,10,150.0,164,2017-04-22 00:00:00,32.754659,-97.082823,230125
"Flatonia, TX",1415 FM 609 at I-10,Flatonia,TEXAS,78941,USA,8,150.0,128,2017-05-14 00:00:00,29.697904,-97.099993,230125
"Howard, WI",2015 Shawano Ave,Howard,WISCONSIN,54303,USA,8,150.0,188,2017-09-08 00:00:00,44.5354319,-88.0777788,24943
"Little Rock, AR",11231 Bass Pro Pkwy off of I-430,Little Rock,ARKANSAS,72209,USA,10,150.0,95,2017-05-20 00:00:00,34.6614,-92.41031,7108
"Bristol, TN",428 Pinnacle Pkwy,Bristol,TENNESSEE,37620,USA,8,150.0,549,2017-06-17 00:00:00,36.591697,-82.261339,33221
"San Jose - East Capitol Expressway, CA",3096 Tuers Rd,San Jose,CALIFORNIA,95121,USA,20,250.0,48,2020-08-29 00:00:00,37.300551,-121.825198,1256646
"Paso Robles, CA",2449 Golden Hill Rd,Paso Robles,CALIFORNIA,93446,USA,28,250.0,243,2020-09-04 00:00:00,35.645482,-120.660047,1256646
"Traverse City, MI","Meijer, 3955 US-31",Traverse City,MICHIGAN,49684,USA,10,150.0,191,2017-09-10 00:00:00,44.744729,-85.644019,50284
"Myrtle Beach, SC","Coastal Grand Mall, 2000 Coastal Grand Cir",Myrtle Beach,SOUTH CAROLINA,29577,USA,10,150.0,6,2017-03-25 00:00:00,33.704388,-78.925172,20873
"Milford - Boston Post Rd, CT","Connecticut Post Mall, 1201 Post Rd",Milford,CONNECTICUT,6460,USA,14,150.0,6,2017-04-28 00:00:00,41.238035,-73.036156,31557
"Ardmore, OK",322 Holiday Dr,Ardmore,OKLAHOMA,73401,USA,8,150.0,259,2015-03-13 00:00:00,34.179106,-97.165632,22843
"Florida City, FL",33505 S Dixie Hwy,Florida City,FLORIDA,33034,USA,8,150.0,1,2017-06-02 00:00:00,25.456825,-80.474341,254878
"Gardnerville, NV","Topaz Lodge, 1979 US-395",Gardnerville,NEVADA,89410,USA,6,150.0,1579,2015-10-22 00:00:00,38.696426,-119.548534,47361
"Van Horn, TX",1921 SW Frontage Rd,Van Horn,TEXAS,79855,USA,8,150.0,1230,2017-02-20 00:00:00,31.03448,-104.861431,230125
"Rock Springs, WY",2441 Foothill Blvd,Rock Springs,WYOMING,82901,USA,8,150.0,1904,2017-08-10 00:00:00,41.580815,-109.262137,1139
"Klamath Falls, OR",1401 Washburn Way,Klamath Falls,OREGON,97603,USA,8,150.0,1250,2017-03-16 00:00:00,42.216906,-121.756218,64361
"Bolingbrook, IL",755 E Boughton Rd,Bolingbrook,ILLINOIS,60440,USA,16,250.0,226,2017-05-31 00:00:00,41.722189,-88.037278,99573
"New Rochelle, NY",33 Lecount Place,New Rochelle,NEW YORK,10801,USA,8,72.0,36,2018-06-04 00:00:00,40.912298,-73.780132,131250
"North East, MD","Chesapeake House Travel Plaza, I-95",North East,MARYLAND,21901,USA,10,150.0,111,2017-09-10 00:00:00,39.612048,-76.009908,72139
"Dows, IA",904 Cardinal Ave,Dows,IOWA,50071,USA,8,150.0,360,2017-06-30 00:00:00,42.673838,-93.462294,9031
"Santa Fe, NM",8380 Cerrillos Rd,Santa Fe,NEW MEXICO,87507,USA,8,150.0,1961,2017-04-13 00:00:00,35.611793,-106.032196,10276
"Summerton, SC",500 Buff Blvd,Summerton,SOUTH CAROLINA,29148,USA,8,250.0,35,2021-12-23 00:00:00,33.587091,-80.357191,20873
"Charlottesville, VA",2100 Bond St,Charlottesville,VIRGINIA,22901,USA,8,150.0,149,2017-09-08 00:00:00,38.067051,-78.492702,84936
"Charleston, WV",100 Kanawha Blvd East,Charleston,WEST VIRGINIA,25301,USA,8,150.0,181,2017-06-11 00:00:00,38.354712,-81.642845,2758
"Indianapolis - E Southport Rd, IN",5325 E Southport Rd,Indianapolis,INDIANA,46237,USA,12,250.0,252,2022-05-29 00:00:00,39.664746,-86.076234,26101
"Chapel Hill, NC",100 Village Center Dr,Chapel Hill,NORTH CAROLINA,27516,USA,10,250.0,162,2022-07-27 00:00:00,35.969846,-79.06356,70164
"Monroe, WA",15067 N Kelsey St,Monroe,WASHINGTON,98272,USA,12,150.0,20,2017-04-25 00:00:00,47.86274,-121.97672,152101
"Corsicana, TX",2035 Interstate 45 Frontage Rd,Corsicana,TEXAS,75109,USA,10,150.0,132,2013-11-15 00:00:00,32.068577,-96.448229,230125
"Athens, AL",1325 US-72,Athens,ALABAMA,35611,USA,8,150.0,207,2017-05-31 00:00:00,34.785443,-86.942964,13047
"Madison - Northbound, CT",I-95 N,Madison,CONNECTICUT,6443,USA,10,250.0,13,2020-01-30 00:00:00,41.2900852,-72.5803292,31557
"Madison - Southbound, CT",I-95 S,Madison,CONNECTICUT,6443,USA,10,250.0,14,2020-01-30 00:00:00,41.2915926,-72.5790793,31557
"Moses Lake, WA",2709 W Broadway Ave,Moses Lake,WASHINGTON,98837,USA,12,250.0,329,2020-01-03 00:00:00,47.103505,-119.310203,152101
"Warwick, RI",1776 Post Rd,Warwick,RHODE ISLAND,2888,USA,8,250.0,18,2022-03-04 00:00:00,41.733158,-71.43585,6396
"Waukegan, IL",4011 Fountain Square Place,Waukegan,ILLINOIS,60085,USA,20,250.0,218,2023-02-15 00:00:00,42.343425,-87.900068,99573
"Weston, WV",39 Berlin Rd,Weston,WEST VIRGINIA,26452,USA,8,150.0,317,2017-10-02 00:00:00,39.019353,-80.416993,2758
"Vacaville, CA",321 Nut Tree RD,Vacaville,CALIFORNIA,95687,USA,16,150.0,34,2013-12-19 00:00:00,38.366645,-121.958136,1256646
"Sacramento, CA",3668 North Freeway Blvd,Sacramento,CALIFORNIA,95834,USA,10,150.0,4,2017-10-13 00:00:00,38.637729,-121.49718,1256646
"Arlington, WA","Angel of the Winds Casino,3438 Stoluckquamish Ln",Arlington,WASHINGTON,98223,USA,16,150.0,94,2017-06-28 00:00:00,48.21237,-122.183551,152101
"Osage Beach, MO",919 Hwy D,Osage Beach,MISSOURI,65065,USA,8,150.0,242,2017-06-15 00:00:00,38.162028,-92.605238,26861
"Ludington, MI",3900 W US Hwy 10,Ludington,MICHIGAN,49431,USA,8,150.0,197,2017-06-23 00:00:00,43.957103,-86.376093,50284
"Truth or Consequences, NM",2201 F G AMIN ST,Truth or Consequences,NEW MEXICO,87901,USA,8,150.0,1353,2017-07-08 00:00:00,33.15524,-107.251642,10276
"Chicago - North Columbus Drive, IL",225 N Columbus Dr,Chicago,ILLINOIS,60601,USA,10,72.0,177,2017-09-11 00:00:00,41.886458,-87.620262,99573
"Salinas, CA",1606 North Main St,Salinas,CALIFORNIA,93906,USA,14,150.0,29,2017-10-13 00:00:00,36.715699,-121.653992,1256646
"Grenada, MS",2030 Sunset Dr,Grenada,MISSISSIPPI,38901,USA,8,150.0,87,2017-07-08 00:00:00,33.787384,-89.849614,3590
"La Vale, MD",11601 Winchester Rd,La Vale,MARYLAND,21502,USA,8,120.0,331,2017-09-01 00:00:00,39.63626,-78.845748,72139
"Leominster, MA",100 Commercial Rd,Leominster,MASSACHUSETTS,1453,USA,8,150.0,91,2017-12-13 00:00:00,42.529798,-71.744151,73768
"McAllen, TX",800 Convention Center Blvd,McAllen,TEXAS,78501,USA,8,150.0,34,2017-07-28 00:00:00,26.198443,-98.259839,230125
"South Toms River, NJ",379 Dover Rd,Toms River,NEW JERSEY,7857,USA,8,150.0,17,2019-10-18 00:00:00,39.941683,-74.211995,134753
"North Huntingdon, PA","Sheetz, 7821 US-30",North Huntingdon,PENNSYLVANIA,15642,USA,8,150.0,335,2017-09-24 00:00:00,40.314135,-79.671409,70154
"Frederick, MD",5500 Buckeystown Pike,Frederick,MARYLAND,21703,USA,10,150.0,90,2019-11-26 00:00:00,39.384693,-77.405494,72139
"Live Oak, FL",6886 US-129,Live Oak,FLORIDA,32060,USA,12,150.0,38,2017-08-20 00:00:00,30.331363,-82.961355,254878
"Cookeville, TN",377 W Jackson St,Cookeville,TENNESSEE,38501,USA,8,120.0,330,2017-10-23 00:00:00,36.155848,-85.515211,33221
"Falls Creek, PA",1867 Rich Highway,Falls Creek,PENNSYLVANIA,15840,USA,8,150.0,425,2017-08-02 00:00:00,41.14072,-78.784725,70154
"Sherburn, MN",600 State Highway 4,Sherburn,MINNESOTA,56171,USA,8,150.0,395,2017-11-19 00:00:00,43.66182,-94.733012,37050
"Sioux Falls, SD",1900 South Marion Rd,Sioux Falls,SOUTH DAKOTA,57106,USA,8,120.0,435,2017-10-30 00:00:00,43.527655,-96.790579,1675
"Sarasota, FL",5901 North Honore Ave,Sarasota,FLORIDA,34232,USA,20,150.0,8,2017-08-19 00:00:00,27.386306,-82.464377,254878
"Cambridge, OH",2101 Southgate Pkwy,Cambridge,OHIO,43725,USA,8,150.0,242,2017-07-26 00:00:00,40.003569,-81.574967,50393
"Kingman - W Andy Devine, AZ",120 W Andy Devine Ave,Kingman,ARIZONA,86401,USA,16,250.0,1014,2022-01-22 00:00:00,35.189032,-114.058384,89798
"Monterey, CA",1100 Del Monte Center,Monterey,CALIFORNIA,93940,USA,14,250.0,67,2017-08-10 00:00:00,36.585729,-121.898765,1256646
"Baker, CA",71808 Baker Blvd,Baker,CALIFORNIA,97035,USA,40,150.0,283,2017-11-21 00:00:00,35.262495,-116.08079,1256646
"Stateline, NV",50 US-50,Stateline,NEVADA,89449,USA,14,150.0,1896,2017-08-25 00:00:00,38.963471,-119.940651,47361
"Altamonte Springs, FL",305 East Altamonte Dr,Altamonte Springs,FLORIDA,32701,USA,8,120.0,25,2018-05-27 00:00:00,28.664414,-81.380274,254878
"Dickson, TN",100 Barzani Blvd,Dickson,TENNESSEE,37055,USA,8,150.0,262,2017-09-20 00:00:00,36.018349,-87.332955,33221
"Fort Wayne, IN",6309 Lima Rd,Fort Wayne,INDIANA,46818,USA,10,150.0,250,2017-09-08 00:00:00,41.138806,-85.163548,26101
"Pinellas Park, FL",3101 Gandy Blvd,Pinellas Park,FLORIDA,33782,USA,8,150.0,4,2017-08-10 00:00:00,27.8461,-82.678114,254878
"Southlake, TX",Southlake Town Square,Southlake,TEXAS,76092,USA,10,150.0,199,2018-04-19 00:00:00,32.943488,-97.133843,230125
"Carlisle, PA",1720 Harrisburg Pike,Carlisle,PENNSYLVANIA,17105,USA,8,150.0,186,2017-09-30 00:00:00,40.233206,-77.119185,70154
"Gaithersburg, MD",24 Grand Corner Ave,Gaithersburg,MARYLAND,20878,USA,12,150.0,138,2017-12-14 00:00:00,39.118151,-77.202271,72139
"Franklin Park, PA",2615 Nicholson Rd,Franklin Park Township,PENNSYLVANIA,15143,USA,8,150.0,393,2017-09-20 00:00:00,40.613216,-80.100103,70154
"Burlington, NJ",2060 US-130,Burlington,NEW JERSEY,8505,USA,8,120.0,14,2017-09-10 00:00:00,40.101525,-74.793172,134753
"Miami - Bird Rd, FL",6848 Bird Rd,Miami,FLORIDA,33155,USA,12,250.0,2,2022-12-22 00:00:00,25.732331,-80.306178,254878
"Oak Creek, WI",171 W Town Square Way,Oak Creek,WISCONSIN,53154,USA,10,150.0,219,2018-01-26 00:00:00,42.900045,-87.913714,24943
"Willcox, AZ",1251 Virginia Ave,Willcox,ARIZONA,85643,USA,8,150.0,1275,2017-12-15 00:00:00,32.269811,-109.8457,89798
"Tucson, AZ",9255 S Rita Rd,Tucson,ARIZONA,85747,USA,10,150.0,895,2017-10-15 00:00:00,32.083857,-110.803571,89798
"Westminster, CA",1025 Westminster Mall,Westminster,CALIFORNIA,92683,USA,24,72.0,8,2018-12-22 00:00:00,33.745288,-118.012279,1256646
"Cheektowaga, NY",525533 Duke Rd,Buffalo,NEW YORK,14225,USA,8,250.0,199,2020-02-08 00:00:00,42.90741,-78.762239,131250
"Nacogdoches, TX",2615 N Stallings Dr,Nacogdoches,TEXAS,75964,USA,8,150.0,123,2017-09-23 00:00:00,31.651793,-94.679625,230125
"Coeur d'Alene, ID",3458 N Fruitland Ln,Coeur d'Alene,IDAHO,83815,USA,14,250.0,685,2015-03-04 00:00:00,47.708479,-116.794283,8501
"Martinsburg, WV",1465 Edwin Miller Blvd,Martinsburg,WEST VIRGINIA,25401,USA,8,150.0,151,2017-09-30 00:00:00,39.485531,-77.956783,2758
"Centralia, WA",1200 Lum Rd,Centralia,WASHINGTON,98531,USA,20,150.0,56,2013-07-17 00:00:00,46.729732,-122.977454,152101
"Lewes, DE",17663 Dartmouth Dr,Lewes,DELAWARE,19958,USA,8,120.0,7,2017-12-16 00:00:00,38.743725,-75.153394,8435
"Woodstock, GA",915 Ridgewalk Pkwy,Woodstock,GEORGIA,30188,USA,12,250.0,302,2022-01-31 00:00:00,34.118729,-84.528502,92368
"Auburn Hills, MI",850 Brown Rd,Auburn Hills,MICHIGAN,48326,USA,8,150.0,306,2018-03-23 00:00:00,42.706969,-83.288941,50284
"White Hills, AZ",12683 White Hills Rd,Willow Beach,ARIZONA,86445,USA,8,250.0,746,2020-05-13 00:00:00,35.7,-114.476782,89798
"Toledo, OH",1500 E Alexis Rd,Toledo,OHIO,43612,USA,10,150.0,179,2017-11-24 00:00:00,41.721617,-83.509207,50393
"Salt Lake City - S 300 W, UT",1850 S 300 W,Salt Lake City,UTAH,84115,USA,8,250.0,1291,2021-12-09 00:00:00,40.730089,-111.90178,39998
"Fort Lauderdale - Powerline Rd, FL",6191 Powerline Rd,Fort Lauderdale,FLORIDA,33309,USA,8,250.0,2,2022-05-16 00:00:00,26.202627,-80.156465,254878
"Concord, CA",2001 Diamond Blvd,Concord,CALIFORNIA,94520,USA,19,150.0,10,2018-03-02 00:00:00,37.970453,-122.058384,1256646
"Grants Pass, OR",1900 NW 6th St,Grants Pass,OREGON,97526,USA,8,150.0,335,2013-10-22 00:00:00,42.460883,-123.324124,64361
"Deming, NM",1695 US-180,Deming,NEW MEXICO,88030,USA,8,150.0,1324,2017-11-18 00:00:00,32.281357,-107.760281,10276
"Hickory, NC",2191 13th Ave Dr SE,Hickory,NORTH CAROLINA,28602,USA,8,150.0,296,2018-04-04 00:00:00,35.706189,-81.294768,70164
"Santa Clarita, CA",23975 Newhall Ranch Rd,Santa Clarita,CALIFORNIA,91355,USA,32,250.0,344,2018-04-06 00:00:00,34.431041,-118.554319,1256646
"Lone Tree, CO",Park Meadows Center Dr,Lone Tree,COLORADO,80124,USA,10,150.0,1789,2017-11-17 00:00:00,39.562726,-104.873432,90083
"Oacoma, SD",1000 East South Dakota Highway 16,Oacoma,SOUTH DAKOTA,57365,USA,8,150.0,434,2017-10-16 00:00:00,43.803188,-99.383442,1675
"Poncha Springs, CO",6250 Hwy 285,Poncha Springs,COLORADO,81201,USA,8,150.0,2278,2018-02-02 00:00:00,38.51174,-106.076394,90083
"Cottonwood, CA",20635 Gas Point Rd,Cottonwood,CALIFORNIA,96022,USA,12,250.0,135,2022-05-04 00:00:00,40.389145,-122.288208,1256646
"Greensboro, NC",5421 Hornaday Rd,Greensboro,NORTH CAROLINA,27407,USA,8,150.0,284,2017-12-17 00:00:00,36.059473,-79.908358,70164
"Cle Elum, WA","811 WA-970 #6, Cle Elum, WA",Cle Elum,WASHINGTON,98922,USA,12,150.0,572,2018-12-08 00:00:00,47.189278,-120.902553,152101
"Freeport, ME",Justins Way & Cross St,Freeport,MAINE,4032,USA,8,120.0,49,2017-10-19 00:00:00,43.8587942,-70.1041363,7377
"Gaylord, MI",250 Meijer Dr,Gaylord,MICHIGAN,49735,USA,10,150.0,398,2018-06-21 00:00:00,45.025577,-84.722201,50284
"Roseville, MI",30800 Little Mack Ave,Roseville,MICHIGAN,48066,USA,8,150.0,182,2017-11-23 00:00:00,42.522048,-82.906756,50284
"Fairfield, CA",1350 Travis Blvd,Fairfield,CALIFORNIA,94533,USA,12,150.0,10,2018-05-06 00:00:00,38.26175,-122.0524,1256646
"Malaga, NJ",450 Delsea Dr,Malaga,NEW JERSEY,8328,USA,8,250.0,30,2021-12-09 00:00:00,39.572,-75.0528,134753
"Big Rapids, MI",15400 Waldron Way,Big Rapids,MICHIGAN,49307,USA,10,150.0,312,2018-03-09 00:00:00,43.689792,-85.515625,50284
"Lansing, MI",2505 Showtime Dr,Lansing,MICHIGAN,48912,USA,10,150.0,268,2017-09-11 00:00:00,42.766555,-84.514724,50284
"Riverside, CA",3878 Market St,Riverside,CALIFORNIA,92501,USA,24,72.0,258,2017-12-29 00:00:00,33.981393,-117.37577,1256646
"Kelso, WA",205 Three Rivers Dr,Kelso,WASHINGTON,98626,USA,12,250.0,6,2020-05-29 00:00:00,46.143403,-122.899225,152101
"Fremont, CA",45500 Fremont Blvd,Fremont,CALIFORNIA,94538,USA,12,250.0,7,2013-08-16 00:00:00,37.492754,-121.944796,1256646
"Clinton Corners, NY",2300 Salt Point Tpke,Clinton Corners,NEW YORK,12514,USA,8,150.0,87,2018-01-17 00:00:00,41.825464,-73.770719,131250
"Plano, TX",5725 Legacy Dr,Plano,TEXAS,75024,USA,12,72.0,223,2018-03-31 00:00:00,33.07868,-96.819506,230125
"Wheatland, WY",1556 Sherard Rd,Wheatland,WYOMING,82201,USA,8,150.0,1436,2018-05-27 00:00:00,42.072497,-104.96271,1139
"Sunnyvale - W McKinley Ave, CA",298 W McKinley Ave,Sunnyvale,CALIFORNIA,94086,USA,10,120.0,10,2018-03-12 00:00:00,37.373421,-122.033114,1256646
"Truckee - Soaring Way, CA",10001 Soaring Way,Truckee,CALIFORNIA,96161,USA,16,250.0,1804,2021-12-10 00:00:00,39.319501,-120.155831,1256646
"Gilroy, CA",681 Leavesley Rd,Gilroy,CALIFORNIA,95020,USA,16,150.0,63,2012-11-19 00:00:00,37.02493,-121.56542,1256646
"Cabazon, CA",48400 Seminole Dr,Cabazon,CALIFORNIA,92230,USA,16,150.0,620,2014-12-17 00:00:00,33.93129,-116.820041,1256646
"Redding, CA",880 Sundial Bridge Dr,Redding,CALIFORNIA,96001,USA,8,250.0,149,2022-10-11 00:00:00,40.590042,-122.378506,1256646
"Kettleman City, CA",33360 Powers Dr,Kettleman City,CALIFORNIA,93239,USA,40,250.0,100,2017-11-15 00:00:00,35.987651,-119.962336,1256646
"Bellefonte, PA",170 Buckaroo Lane,Bellefonte,PENNSYLVANIA,16823,USA,8,120.0,286,2017-12-15 00:00:00,40.913884,-77.738425,70154
"Clare, MI",604 North McEwan,Clare,MICHIGAN,48617,USA,8,150.0,255,2019-05-19 00:00:00,43.820359,-84.76675,50284
"Hadley, MA",25 Russell St,Hadley,MASSACHUSETTS,1035,USA,12,150.0,36,2018-04-17 00:00:00,42.338922,-72.611239,73768
"Yermo, CA",36017 Calico Rd,Yermo,CALIFORNIA,92398,USA,18,150.0,590,2017-11-23 00:00:00,34.907217,-116.835801,1256646
"Anaheim - Santa Ana Canyon Rd, CA",8148 E Santa Ana Canyon Rd,Anaheim,CALIFORNIA,92808,USA,20,72.0,135,2019-05-15 00:00:00,33.866724,-117.747373,1256646
"Ephrata, PA",891 E Main Street,Ephrata,PENNSYLVANIA,17522,USA,8,250.0,121,2022-04-29 00:00:00,40.1633,-76.1535,70154
"Scottsdale, AZ",15000 N 73rd St,Scottsdale,ARIZONA,85260,USA,16,72.0,447,2017-11-21 00:00:00,33.623139,-111.922451,89798
"Burbank - North Third St, CA","501 N 3rd St, Top Parking Level",Burbank,CALIFORNIA,91502,USA,20,150.0,190,2017-09-14 00:00:00,34.18487,-118.311672,1256646
"Sacramento - Arden Way, CA",1689 Arden Way,Sacramento,CALIFORNIA,95815,USA,20,72.0,10,2018-08-11 00:00:00,38.603327,-121.42853,1256646
"Scottsdale - N Kierland Blvd, AZ",15205 N Kierland Blvd,Scottsdale,ARIZONA,85254,USA,8,72.0,445,2019-02-16 00:00:00,33.623205,-111.930338,89798
"Colby, KS",700 E Horton Ave,Colby,KANSAS,67701,USA,10,150.0,976,2017-10-02 00:00:00,39.361357,-101.054063,11271
"Bethel, ME",211 Mayville Rd,Bethel,MAINE,4217,USA,6,250.0,197,2020-06-24 00:00:00,44.424871,-70.796608,7377
"Riverview, FL",10665 Big Bend,Riverview,FLORIDA,33579,USA,10,120.0,19,2019-02-14 00:00:00,27.7915,-82.332833,254878
"Harris Ranch, CA",24505 W Dorris Ave,Coalinga,CALIFORNIA,93210,USA,18,150.0,139,2012-11-19 00:00:00,36.25415,-120.237896,1256646
"Lexington, NC",2350 S Main St,Lexington,NORTH CAROLINA,27292,USA,8,250.0,223,2020-12-10 00:00:00,35.800189,-80.288565,70164
"Yuba City, CA",1475 Tharp Rd,Yuba City,CALIFORNIA,95993,USA,10,150.0,17,2019-02-05 00:00:00,39.147833,-121.647861,1256646
"Austin, TX",6406 N Interstate 35 Frontage Rd,Austin,TEXAS,78752,USA,8,150.0,221,2017-11-30 00:00:00,30.329175,-97.706339,230125
"Strongsville, OH",9037 Pearl Rd,Strongsville,OHIO,44136,USA,8,150.0,256,2018-02-09 00:00:00,41.34336,-81.824924,50393
"San Diego - Camino Del Sur, CA",17170 Camino Del Sur,San Diego,CALIFORNIA,92127,USA,16,72.0,164,2019-01-12 00:00:00,33.020052,-117.126278,1256646
"Centerville, TX",947 West Saint Mary's Street,Centerville,TEXAS,75833,USA,12,250.0,120,2021-07-03 00:00:00,31.259556,-95.985289,230125
"Miami - Mary Brickell Village, FL",71 SW 10th St,Miami,FLORIDA,33130,USA,4,72.0,1,2019-05-05 00:00:00,25.764706,-80.194629,254878
"Glendale - Cooper Ave, NY",8000 Cooper Ave,Glendale,NEW YORK,11385,USA,10,72.0,23,2019-06-17 00:00:00,40.707962,-73.867167,131250
"Lithonia, GA",3045 Panola Rd,Lithonia,GEORGIA,30038,USA,12,150.0,275,2019-10-17 00:00:00,33.69893,-84.173181,92368
"Mt. Jackson, VA",227 Conicville Rd,Mt. Jackson,VIRGINIA,22842,USA,8,150.0,277,2017-12-05 00:00:00,38.760227,-78.63121,84936
"Orleans, MA",10 Route 6A,Orleans,MASSACHUSETTS,2653,USA,12,150.0,1,2019-12-07 00:00:00,41.796653,-69.985961,73768
"Brooklyn - Atlantic Ave, NY",625 Atlantic Ave,Brooklyn,NEW YORK,11217,USA,12,72.0,17,2019-06-16 00:00:00,40.683738,-73.974953,131250
"San Ramon - Diablo Plaza, CA",2415 San Ramon Valley Blvd,San Ramon,CALIFORNIA,94583,USA,20,72.0,153,2019-04-05 00:00:00,37.774766,-121.979789,1256646
"Mount Vernon, IL",222 Potomac Blvd,Mt. Vernon,ILLINOIS,62864,USA,8,150.0,146,2016-10-27 00:00:00,38.316292,-88.955923,99573
"Montauk, NY",95 Carl Fisher Plaza,Montauk,NEW YORK,11954,USA,8,250.0,6,2020-12-11 00:00:00,41.035822,-71.943868,131250
"Springfield, OR",919 Kruse Way,Springfield,OREGON,97477,USA,14,150.0,133,2013-11-02 00:00:00,44.082605,-123.037471,64361
"Sheffield, OH",5295 Detroit Rd,Sheffield,OHIO,44054,USA,8,150.0,203,2018-02-10 00:00:00,41.426963,-82.076273,50393
"Laredo, TX",110 Calle Del Norte Dr,Laredo,TEXAS,78041,USA,8,150.0,133,2017-12-12 00:00:00,27.555003,-99.49424,230125
"East Brunswick - State Route 18, NJ",755 State Route 18,East Brunswick,NEW JERSEY,8816,USA,16,150.0,46,2019-06-21 00:00:00,40.424107,-74.380069,134753
"Marlton, NJ",500 Route 73 South,Marlton,NEW JERSEY,8053,USA,12,120.0,28,2019-04-26 00:00:00,39.877547,-74.918491,134753
"Menifee, CA",30340 Haun Rd,Menifee,CALIFORNIA,92584,USA,20,150.0,435,2019-09-30 00:00:00,33.679646,-117.174095,1256646
"Windsor, CA",8852 Lakewood Dr,Windsor,CALIFORNIA,95492,USA,12,250.0,39,2021-11-05 00:00:00,38.549856,-122.805465,1256646
"Robbinsdale, MN",3435 W Broadway Ave,Robbinsdale,MINNESOTA,55422,USA,8,150.0,265,2019-06-17 00:00:00,45.018928,-93.32583,37050
"Orlando - N Alafaya Trail, FL",435 N Alafaya Trail,Orlando,FLORIDA,32828,USA,14,120.0,26,2019-02-19 00:00:00,28.555278,-81.198944,254878
"Alvarado, TX",3313 S. Burleson Blvd,Burleson,TEXAS,76009,USA,10,150.0,257,2019-12-15 00:00:00,32.464312,-97.264718,230125
"Flagstaff, AZ",2650 S Beulah Blvd,Flagstaff,ARIZONA,86001,USA,12,150.0,2106,2014-01-10 00:00:00,35.174272,-111.66328,89798
"Oshkosh, WI",2415 Westown Ave,Oshkosh,WISCONSIN,54904,USA,6,150.0,236,2017-12-21 00:00:00,44.028779,-88.592508,24943
"Riverhead, NY",1791 Old Country Rd,Riverhead,NEW YORK,11901,USA,8,250.0,10,2020-12-11 00:00:00,40.923322,-72.702788,131250
"Lake Elsinore, CA",17600 Collier Ave,Lake Elsinore,CALIFORNIA,92530,USA,21,150.0,388,2018-03-01 00:00:00,33.698437,-117.349113,1256646
"Parkersburg, WV",1102 7th St,Parkersburg,WEST VIRGINIA,26101,USA,6,120.0,198,2019-03-06 00:00:00,39.2633181,-81.5446371,2758
"Woodbridge, VA",2700 Potomac Mills Circle,Woodbridge,VIRGINIA,22192,USA,10,150.0,63,2014-05-02 00:00:00,38.64082,-77.29633,84936
"Seekonk, MA",965 Fall River Ave,Seekonk,MASSACHUSETTS,2771,USA,8,250.0,13,2022-01-28 00:00:00,41.799157,-71.331026,73768
"Napa, CA",Devlin Rd & Airport Blvd,Napa,CALIFORNIA,94558,USA,12,150.0,15,2016-07-09 00:00:00,38.2356,-122.264,1256646
"San Luis Obispo, CA","Madonna Inn, 100 Madonna Rd",San Luis Obispo,CALIFORNIA,93405,USA,18,250.0,47,2018-05-06 00:00:00,35.265182,-120.676288,1256646
"Cranberry Township - US 19, PA",20111 Rt 19,Cranberry Twp,PENNSYLVANIA,16066,USA,12,250.0,326,2022-12-16 00:00:00,40.6821667,-80.1018333,70154
"Augusta - Belair Frontage Rd, GA",4329 Belair Frontage Rd,Augusta,GEORGIA,30909,USA,10,150.0,152,2018-12-15 00:00:00,33.481657,-82.130253,92368
"San Jose - Blossom Hill Rd, CA",1375 Blossom Hill Rd,San Jose,CALIFORNIA,95118,USA,18,72.0,68,2019-05-17 00:00:00,37.244638,-121.891141,1256646
"Katy - Katy Fwy, TX",27700 Katy Fwy,Katy,TEXAS,77494,USA,24,250.0,44,2022-12-09 00:00:00,29.779001,-95.848797,230125
"Rancho Cucamonga, CA",12505 North Main St,Rancho Cucamonga,CALIFORNIA,91739,USA,12,150.0,381,2014-11-20 00:00:00,34.113592,-117.529406,1256646
"Missoula, MT",5280 Grant Creek Rd,Missoula,MONTANA,59808,USA,6,150.0,1009,2014-10-29 00:00:00,46.914375,-114.031924,4608
"Austin - Research Blvd, TX",9800 Stonelake Blvd,Austin,TEXAS,78759,USA,18,72.0,261,2019-08-28 00:00:00,30.389333,-97.73975,230125
"Yonkers, NY","Ridge Hill, 1 Ridge Hill Blvd",Yonkers,NEW YORK,10710,USA,18,72.0,86,2018-07-02 00:00:00,40.963462,-73.855127,131250
"Richmond, VA",4401 S Laburnum Ave,Richmond,VIRGINIA,23231,USA,20,120.0,46,2017-12-25 00:00:00,37.529855,-77.353819,84936
"Skokie, IL",5507 W Touhy Ave,Skokie,ILLINOIS,60077,USA,20,72.0,189,2018-01-30 00:00:00,42.009459,-87.766164,99573
"Concord, NH",11 Merchants Way,Concord,NEW HAMPSHIRE,3303,USA,12,250.0,92,2022-02-15 00:00:00,43.289094,-71.579011,9861
"Manchester, CT",1470 Pleasant Valley Rd,Manchester,CONNECTICUT,6042,USA,16,150.0,41,2017-12-18 00:00:00,41.80455,-72.562267,31557
"Woburn, MA",101 Commerce Way,Woburn,MASSACHUSETTS,1801,USA,12,250.0,22,2021-10-28 00:00:00,42.518385,-71.137254,73768
"Wall, SD",407 Main St,Wall,SOUTH DAKOTA,57790,USA,8,150.0,859,2019-06-05 00:00:00,43.994145,-102.24214,1675
"Mashpee, MA",38 Nathan Ellis Hwy,Mashpee,MASSACHUSETTS,2649,USA,10,120.0,13,2019-01-17 00:00:00,41.6175,-70.488528,73768
"Madison - E Washington Ave, WI",3801 E Washington Ave,Madison,WISCONSIN,53704,USA,8,150.0,265,2017-12-20 00:00:00,43.119137,-89.319052,24943
"Chicago - North Broadway, IL",3030 North Broadway,Chicago,ILLINOIS,60657,USA,8,72.0,179,2018-01-31 00:00:00,41.937338,-87.644666,99573
"Evergreen, AL",90 Liberty Hill Pl,Evergreen,ALABAMA,36401,USA,12,250.0,100,2022-11-15 00:00:00,31.457228,-86.961555,13047
"Crescent City, CA",1000 Front St,Crescent City,CALIFORNIA,95531,USA,6,150.0,4,2016-09-08 00:00:00,41.752393,-124.1944,1256646
"Rochester, NH",290 North Main St,Rochester,NEW HAMPSHIRE,3867,USA,8,150.0,71,2019-12-26 00:00:00,43.310917,-70.993265,9861
"San Jose - Santana Row, CA",330 Winchester Blvd,San Jose,CALIFORNIA,95128,USA,26,72.0,41,2019-02-02 00:00:00,37.322234,-121.949226,1256646
"El Paso, TX",6401 Desert BLVD,El Paso,TEXAS,79932,USA,8,150.0,1180,2017-04-22 00:00:00,31.8839,-106.58379,230125
"Thousand Oaks - East Thousand Oaks Blvd, CA",180 Promenade Way,Thousand Oaks,CALIFORNIA,91362,USA,24,150.0,289,2018-03-21 00:00:00,34.158291,-118.82363,1256646
"Irvine - Michelson Dr, CA",3021 Michelson Dr,Irvine,CALIFORNIA,92612,USA,12,72.0,8,2019-10-20 00:00:00,33.673394,-117.844666,1256646
"Idaho Springs, CO",1319 Miner St,Idaho Springs,COLORADO,80452,USA,8,250.0,2303,2020-02-06 00:00:00,39.741549,-105.518358,90083
"Manhattan Beach, CA",3200 N Sepulveda Blvd,Manhattan Beach,CALIFORNIA,90266,USA,24,72.0,37,2018-12-06 00:00:00,33.901472,-118.393833,1256646
"Tampa, FL",2502 N 50th St,Tampa,FLORIDA,33619,USA,8,150.0,12,2018-02-24 00:00:00,27.965757,-82.402577,254878
"Lamar, CO",173 E Beech St,Lamar,COLORADO,81052,USA,8,250.0,1103,2022-05-21 00:00:00,38.089378,-102.618303,90083
"Phoenix - E Camelback Rd, AZ",2502 E Camelback Rd,Phoenix,ARIZONA,85016,USA,16,72.0,360,2018-03-27 00:00:00,33.511555,-112.026392,89798
"Morgan Hill, CA",1061 Cochrane Rd,Morgan Hill,CALIFORNIA,95037,USA,14,72.0,117,2019-10-24 00:00:00,37.156827,-121.653693,1256646
"Philadelphia - Center City, PA",1118 Market St,Philadelphia,PENNSYLVANIA,19107,USA,6,72.0,14,2019-05-26 00:00:00,39.951276,-75.158667,70154
"Los Angeles - W Olympic Blvd, CA",11355 W Olympic Blvd,Los Angeles,CALIFORNIA,90064,USA,16,250.0,58,2022-11-19 00:00:00,34.03818,-118.443301,1256646
"Freehold, NJ",909 NJ-33,Freehold,NEW JERSEY,7728,USA,8,250.0,43,2020-06-24 00:00:00,40.238319,-74.228021,134753
"San Antonio, TX",11745 IH-10 West,San Antonio,TEXAS,78230,USA,10,122.0,305,2019-08-22 00:00:00,29.549585,-98.582722,230125
"Bandon, OR",44 Michigan Ave NE,Bandon,OREGON,97411,USA,8,150.0,23,2016-11-04 00:00:00,43.121854,-124.398942,64361
"Coralville, IA",1914 8th St,Coralville,IOWA,52241,USA,8,150.0,205,2016-09-29 00:00:00,41.680372,-91.591467,9031
"Sulphur Springs, TX",300 W Tomlinson Street St,Sulphur Springs,TEXAS,75482,USA,8,150.0,151,2016-06-29 00:00:00,33.137172,-95.603239,230125
"Macon - Tom Hill Sr Rd, GA",265 Tom Hill Sr Rd,Macon,GEORGIA,31210,USA,10,150.0,113,2018-12-23 00:00:00,32.897259,-83.689432,92368
"Plantation, FL",813 S University Dr,Plantation,FLORIDA,33324,USA,16,150.0,1,2015-12-19 00:00:00,26.108614,-80.252268,254878
"Fairfield - Southbound, CT",267 Round Hill Rd,Fairfield,CONNECTICUT,6824,USA,8,250.0,14,2019-12-20 00:00:00,41.148076,-73.255582,31557
"Watsonville, CA",1415 Main St,Watsonville,CALIFORNIA,95076,USA,18,72.0,15,2019-07-24 00:00:00,36.916349,-121.773512,1256646
"Custer, SD",800 Mount Rushmore Rd,Custer,SOUTH DAKOTA,57730,USA,8,150.0,1615,2018-05-11 00:00:00,43.767498,-103.594306,1675
"Montecito, CA",1595 S Jameson Ln,Santa Barbara,CALIFORNIA,93108,USA,8,72.0,3,2021-09-04 00:00:00,34.420561,-119.627239,1256646
"Henrietta, TX",237 Frontage Rd,Henrietta,TEXAS,76365,USA,12,150.0,266,2019-10-05 00:00:00,33.80051,-98.196588,230125
"Sedona, AZ",7000 AZ-179,Sedona,ARIZONA,86351,USA,14,72.0,1232,2018-04-23 00:00:00,34.775559,-111.764099,89798
"Philadelphia - North 20th St, PA",420 N 20th St,Philadelphia,PENNSYLVANIA,19130,USA,10,72.0,17,2018-12-21 00:00:00,39.962023,-75.172049,70154
"Carlsbad, CA",7710 El Camino Real,Carlsbad,CALIFORNIA,92009,USA,26,72.0,25,2018-09-28 00:00:00,33.084189,-117.266384,1256646
"Chicago - North Halsted, IL",1457 N Halsted St,Chicago,ILLINOIS,60642,USA,10,72.0,181,2018-08-02 00:00:00,41.908043,-87.647839,99573
"Salisbury - N Salisbury Blvd, MD",2740 Ocean Hwy,Salisbury,MARYLAND,21801,USA,8,250.0,14,2022-03-13 00:00:00,38.420772,-75.56579,72139
"Chicago - South Canal Street, IL",1100 South Canal St,Chicago,ILLINOIS,60607,USA,14,72.0,181,2018-02-02 00:00:00,41.869126,-87.639971,99573
"Indianapolis - Capitol Avenue, IN",109 S Capitol Ave,Indianapolis,INDIANA,46225,USA,12,72.0,217,2019-03-20 00:00:00,39.765443,-86.161222,26101
"Fishers, IN",9 Municipal Dr,Fishers,INDIANA,46038,USA,10,72.0,249,2018-03-17 00:00:00,39.957683,-86.016131,26101
"Los Gatos, CA",192 Saratoga Los Gatos Rd,Los Gatos,CALIFORNIA,95030,USA,20,72.0,116,2018-09-24 00:00:00,37.229926,-121.979384,1256646
"Downey - Lakewood Blvd, CA",9588 Lakewood Blvd,Downey,CALIFORNIA,90240,USA,12,72.0,42,2018-05-24 00:00:00,33.953335,-118.112914,1256646
"Sanford, FL",1201 WP Ball Blvd,Sanford,FLORIDA,32771,USA,12,250.0,17,2023-03-29 00:00:00,28.799264,-81.338224,254878
"Henderson, NC",619 Ruin Creek Rd,Henderson,NORTH CAROLINA,27536,USA,8,150.0,139,2019-06-22 00:00:00,36.329537,-78.447534,70164
"Pasadena, CA",155 E Green St,Pasadena,CALIFORNIA,91105,USA,24,72.0,258,2019-11-26 00:00:00,34.144835,-118.146609,1256646
"Copiague, NY",1147 Sunrise Hwy,Copiague,NEW YORK,11726,USA,8,250.0,9,2020-02-27 00:00:00,40.688444,-73.4055,131250
"Zionsville, IN",6650 Whitestown Pkwy,Zionsville,INDIANA,46077,USA,10,120.0,283,2019-05-10 00:00:00,39.950563,-86.343779,26101
"Rohnert Park, CA",475 Rohnert Park Expy W,Rohnert Park,CALIFORNIA,94928,USA,12,150.0,30,2019-05-09 00:00:00,38.3475,-122.720944,1256646
"Barnegat, NJ",945 W Bay Ave,Barnegat,NEW JERSEY,8005,USA,8,150.0,37,2019-05-23 00:00:00,39.759418,-74.253461,134753
"Tucson - E Skyline Dr, AZ",2905 E Skyline Dr,Tucson,ARIZONA,85718,USA,10,72.0,842,2018-04-29 00:00:00,32.32555,-110.930936,89798
"Parsippany, NJ",350 New Rd,Parsippany,NEW JERSEY,7054,USA,8,150.0,55,2019-03-06 00:00:00,40.850095,-74.350835,134753
"North Bergen - John F Kennedy Blvd, NJ",2819 John F. Kennedy Blvd,North Bergen,NEW JERSEY,7047,USA,8,250.0,41,2022-12-16 00:00:00,40.77386,-74.03814,134753
"Corona, CA",2615 Tuscany St,Corona,CALIFORNIA,92881,USA,20,72.0,258,2019-03-30 00:00:00,33.826338,-117.515411,1256646
"Fontana, CA",15234 Summit Ave,Fontana,CALIFORNIA,92336,USA,24,72.0,480,2019-03-29 00:00:00,34.151177,-117.471412,1256646
"Pleasanton, CA",6000 Johnson Dr,Pleasanton,CALIFORNIA,94588,USA,10,72.0,100,2019-05-01 00:00:00,37.700508,-121.908364,1256646
"Milpitas, CA",901 East Calaveras Blvd,Milpitas,CALIFORNIA,95035,USA,16,150.0,10,2018-11-16 00:00:00,37.434536,-121.891387,1256646
"Los Angeles - Francisco St, CA",899 South Francisco St,Los Angeles,CALIFORNIA,90015,USA,10,72.0,77,2019-03-07 00:00:00,34.047424,-118.264589,1256646
"Ojai, CA",987 W Ojai Ave,Ojai,CALIFORNIA,93023,USA,12,72.0,236,2019-07-23 00:00:00,34.441994,-119.258898,1256646
"Bismarck, ND",999 W Century Ave,Bismarck,NORTH DAKOTA,58503,USA,8,250.0,557,2020-06-20 00:00:00,46.832972,-100.807222,959
"Wickenburg, AZ",155 N Tegner St,Wickenburg,ARIZONA,85390,USA,8,150.0,628,2014-07-11 00:00:00,33.9702333,-112.73165,89798
"Stamford, CT",1250 Summer St,Stamford,CONNECTICUT,6905,USA,12,72.0,10,2019-08-09 00:00:00,41.067836,-73.545266,31557
"Hanover, MD",7787 Arundel Mills Blvd,Hanover,MARYLAND,21076,USA,8,72.0,51,2019-11-14 00:00:00,39.153272,-76.743717,72139
"Blaine, WA",8135 Birch Bay Square St,Blaine,WASHINGTON,98230,USA,14,150.0,18,2019-10-11 00:00:00,48.937851,-122.667679,152101
"Riverdale Park, MD",6761 45th St,Riverdale,MARYLAND,20737,USA,8,72.0,38,2019-07-19 00:00:00,38.970361,-76.937333,72139
"Robbinsville, NJ",255 Robbinsville Allentown Rd,Robbinsville Twp,NEW JERSEY,8691,USA,8,150.0,336,2019-07-13 00:00:00,40.1941978,-74.5953015,134753
"Bethany, MO",3807 Miller St,Bethany,MISSOURI,64424,USA,6,150.0,309,2018-12-07 00:00:00,40.265916,-94.015705,26861
"Paulsboro, NJ",51 Berkley Rd,Paulsboro,NEW JERSEY,8066,USA,8,150.0,5,2019-01-12 00:00:00,39.822355,-75.240447,134753
"Thornton, CO",237 E 120th Ave,Thornton,COLORADO,80233,USA,8,250.0,1635,2020-02-28 00:00:00,39.914711,-104.986758,90083
"Glenview, IL",1200 N Milwaukee Ave,Glenview,ILLINOIS,60025,USA,10,72.0,204,2018-04-20 00:00:00,42.077128,-87.860788,99573
"Arcadia, FL",1737 E Oak St,Arcadia,FLORIDA,34266,USA,8,250.0,19,2021-12-18 00:00:00,27.209511,-81.837752,254878
"Manchester, TN",2224 Hillsboro Blvd,Manchester,TENNESSEE,37355,USA,10,150.0,327,2018-07-02 00:00:00,35.458583,-86.057316,33221
"El Cerrito, CA",180 El Cerrito Plz,El Cerrito,CALIFORNIA,94530,USA,14,72.0,10,2020-07-03 00:00:00,37.898575,-122.30073,1256646
"Williams, CA",464 6th St,Williams,CALIFORNIA,95987,USA,12,250.0,25,2019-12-19 00:00:00,39.15608,-122.149408,1256646
"Hyannis, MA",425 Attucks Ln,Hyannis,MASSACHUSETTS,2601,USA,12,250.0,21,2020-05-20 00:00:00,41.676619,-70.307049,73768
"Novato, CA",208 Vintage Way,Novato,CALIFORNIA,94945,USA,20,150.0,3,2020-03-28 00:00:00,38.089447,-122.551755,1256646
"San Francisco - Letterman Drive, CA",Truby St,San Francisco,CALIFORNIA,94129,USA,6,72.0,19,2019-05-23 00:00:00,37.798513,-122.449846,1256646
"Glendale, CA","877 Americana Way, Parking level 7",Glendale,CALIFORNIA,91210,USA,20,72.0,161,2018-03-30 00:00:00,34.145099,-118.256433,1256646
"Miami - SW 7th St, FL","CMX - Brickell City Centre, 701 South Miami Ave",Miami,FLORIDA,33130,USA,13,72.0,2,2018-03-16 00:00:00,25.76768,-80.192467,254878
"Cary, NC",7119 O'Kelly Chapel Rd,Cary,NORTH CAROLINA,27519,USA,12,150.0,103,2019-11-22 00:00:00,35.843605,-78.886448,70164
"Basking Ridge, NJ",403 King George Rd,Basking Ridge,NEW JERSEY,7920,USA,8,150.0,67,2019-07-13 00:00:00,40.655361,-74.529919,134753
"San Ramon, CA",2610 Bishop Dr,San Ramon,CALIFORNIA,94583,USA,16,150.0,140,2018-08-30 00:00:00,37.76292,-121.963662,1256646
"Santa Rosa, CA",380 Coddingtown Way,Santa Rosa,CALIFORNIA,95401,USA,20,250.0,45,2019-11-20 00:00:00,38.459554,-122.73023,1256646
"North Stamford, CT",1115 High Ridge Rd,Stamford,CONNECTICUT,6905,USA,8,150.0,45,2019-08-09 00:00:00,41.107885,-73.5469602,31557
"Evergreen Park, IL",9200 S Western Ave,Evergreen Park,ILLINOIS,60805,USA,10,150.0,201,2019-06-16 00:00:00,41.725315,-87.683693,99573
"Merrillville, IN",611 W Lincoln Hwy,Merrillville,INDIANA,46410,USA,10,150.0,208,2018-05-09 00:00:00,41.468444,-87.343613,26101
"Everett, WA",405 SE Everett Mall Way,Everett,WASHINGTON,98208,USA,12,250.0,155,2023-02-24 00:00:00,47.90934,-122.225824,152101
"Dickinson, ND",1681 3rd Ave W,Dickinson,NORTH DAKOTA,58601,USA,8,250.0,758,2020-06-17 00:00:00,46.901222,-102.790822,959
"Henderson, NV",1550 Railroad Pass Casino Rd,Henderson,NEVADA,89002,USA,12,150.0,694,2018-06-23 00:00:00,35.97141,-114.911332,47361
"Tigard, OR",9585 SW Washington Square Rd,Tigard,OREGON,97223,USA,10,72.0,71,2018-05-07 00:00:00,45.451608,-122.782599,64361
"Springfield, VA",6500 Springfield Mall,Springfield,VIRGINIA,22150,USA,18,150.0,72,2018-06-21 00:00:00,38.774412,-77.177566,84936
"Kansas City, MO",8301 N St Clair Ave,Kansas City,MISSOURI,64151,USA,8,72.0,315,2018-05-26 00:00:00,39.24629,-94.644943,26861
"Fort Worth - Whitmore St, TX",2616 Whitmore St,Fort Worth,TEXAS,76107,USA,16,72.0,163,2018-11-12 00:00:00,32.758293,-97.353585,230125
"Mehlville, MO",18 S County Center Way,Mehlville,MISSOURI,63129,USA,10,150.0,179,2018-06-23 00:00:00,38.508172,-90.331113,26861
"Tampa - West Swann Ave, FL",2100 West Swann Ave,Tampa,FLORIDA,33606,USA,10,120.0,6,2018-08-01 00:00:00,27.937057,-82.481113,254878
"Estes Park, CO",333 E Wonderview Ave,Estes Park,COLORADO,80517,USA,7,150.0,2337,2018-05-15 00:00:00,40.383833,-105.519783,90083
"Petaluma, CA",401 Kenilworth Dr #1030,Petaluma,CALIFORNIA,94952,USA,20,150.0,8,2015-02-03 00:00:00,38.242693,-122.625049,1256646
"Incline Village, NV",930 Tahoe Blvd,Incline Village,NEVADA,89451,USA,10,150.0,1964,2019-08-30 00:00:00,39.250765,-119.948927,47361
"Payson, AZ",201 North Beeline Hwy,Payson,ARIZONA,85541,USA,12,150.0,1514,2018-12-29 00:00:00,34.242065,-111.322538,89798
"Escanaba, MI",505 N 26th St,Escanaba,MICHIGAN,49829,USA,8,250.0,188,2021-07-31 00:00:00,45.750542,-87.085129,50284
"San Carlos, CA",1127 Industrial Rd,San Carlos,CALIFORNIA,94070,USA,19,72.0,3,2018-07-01 00:00:00,37.502912,-122.245569,1256646
"Marietta - Dallas Hwy, GA",3625 Dallas Highway,Marietta,GEORGIA,30064,USA,12,250.0,326,2023-03-15 00:00:00,33.953257,-84.657297,92368
"Reading, PA",5060 Perkiomen Ave,Reading,PENNSYLVANIA,19606,USA,8,250.0,71,2022-02-05 00:00:00,40.301734,-75.853085,70154
"Brooklyn, OH",10315 Cascade Crossing,Brooklyn,OHIO,44144,USA,8,250.0,235,2021-12-24 00:00:00,41.422533,-81.7584885,50393
"Chestnut Hill, MA",55 Boylston St,Chestnut Hill,MASSACHUSETTS,2467,USA,8,150.0,52,2020-01-10 00:00:00,42.322031,-71.172395,73768
"Milpitas - Great Mall, CA",1234 Great Mall Dr,Milpitas,CALIFORNIA,95035,USA,20,72.0,11,2019-09-20 00:00:00,37.413353,-121.897995,1256646
"McComb, MS",1436 Delaware Ave,McComb,MISSISSIPPI,39648,USA,8,150.0,137,2019-11-23 00:00:00,31.248479,-90.471779,3590
"Webster, TX",1141 S Kobayashi Dr,Webster,TEXAS,77598,USA,12,150.0,5,2019-09-18 00:00:00,29.519213,-95.121843,230125
"Kuttawa, KY",62 Days Inn Dr,Kuttawa,KENTUCKY,42055,USA,8,150.0,134,2017-01-01 00:00:00,37.073405,-88.124752,11617
"Livermore, CA",2774 Livermore Outlets Dr,Livermore,CALIFORNIA,94551,USA,20,72.0,110,2018-11-22 00:00:00,37.700349,-121.841063,1256646
"Schertz, TX",17640 IH 35 N,Schertz,TEXAS,78154,USA,8,150.0,254,2020-05-02 00:00:00,29.598455,-98.276067,230125
"Newport News, VA",12300 Jefferson Ave,Newport News,VIRGINIA,23602,USA,12,150.0,10,2019-11-14 00:00:00,37.114233,-76.494498,84936
"Mission, KS",6655 Martway St,Mission,KANSAS,66202,USA,8,72.0,301,2019-06-02 00:00:00,39.02,-94.661182,11271
"Seaford, DE",22929 Sussex Hwy,Seaford,DELAWARE,19973,USA,8,250.0,8,2022-02-24 00:00:00,38.658528,-75.592966,8435
"Beltsville, MD",10515 Baltimore Ave,Beltsville,MARYLAND,20705,USA,12,250.0,47,2022-06-03 00:00:00,39.027391,-76.917328,72139
"Erie - Perry Hwy, PA",8180 Perry Hwy,Erie,PENNSYLVANIA,16509,USA,8,250.0,338,2022-02-05 00:00:00,42.065634,-80.037239,70154
"Fairfield - Holiday Lane, CA",1350 Holiday Ln,Fairfield,CALIFORNIA,94534,USA,12,150.0,12,2019-05-09 00:00:00,38.256667,-122.065139,1256646
"Santa Monica - Santa Monica Place, CA",395 Santa Monica Place,Santa Monica,CALIFORNIA,90401,USA,14,72.0,20,2019-02-19 00:00:00,34.013087,-118.493843,1256646
"Laytonville, CA",45020 North Highway 101,Laytonville,CALIFORNIA,95454,USA,8,150.0,502,2019-06-28 00:00:00,39.689269,-123.483443,1256646
"Kill Devil Hills, NC",2012 S Croatan Hwy,Kill Devil Hills,NORTH CAROLINA,27948,USA,8,150.0,4,2019-05-30 00:00:00,35.993328,-75.651124,70164
"La Mesa, CA",8765 Fletcher Pkwy,La Mesa,CALIFORNIA,91942,USA,12,250.0,158,2022-03-18 00:00:00,32.7808724,-117.0135593,1256646
"Boonton, NJ",550 Myrtle Ave,Boonton,NEW JERSEY,7005,USA,10,150.0,118,2019-12-14 00:00:00,40.907627,-74.3976,134753
"Tejon Ranch, CA",5602 Dennis McCarthy Dr,Lebec,CALIFORNIA,93243,USA,24,150.0,337,2012-11-19 00:00:00,34.98734,-118.94623,1256646
"Celebration, FL",6240 W. Irlo Bronson Memorial Hwy,Kissimmee,FLORIDA,34747,USA,8,150.0,29,2019-05-21 00:00:00,28.331356,-81.532453,254878
"Polaris, OH",1177 Polaris Pkwy,Columbus,OHIO,43240,USA,10,150.0,281,2019-06-22 00:00:00,40.141056,-82.988972,50393
"Palo Alto - Stanford Shopping Center, CA",660 Stanford Shopping Center,Palo Alto,CALIFORNIA,94304,USA,20,72.0,22,2019-11-05 00:00:00,37.441722,-122.170271,1256646
"West Cincinnati, OH",6550 Harrison Ave,Dent,OHIO,45247,USA,12,150.0,218,2018-04-14 00:00:00,39.193996,-84.65871,50393
"Tusayan, AZ",149 AZ-64,Grand Canyon Village,ARIZONA,86023,USA,12,150.0,2008,2019-10-23 00:00:00,35.969448,-112.127675,89798
"Miami - SW 8th St, FL",701 South Miami Ave,Miami,FLORIDA,33130,USA,10,72.0,1,2018-06-01 00:00:00,25.766875,-80.194524,254878
"Seattle - NE Northgate Way, WA",401 NE Northgate Way,Seattle,WASHINGTON,98125,USA,16,250.0,85,2021-03-30 00:00:00,47.705956,-122.327133,152101
"Hayward, CA",19661 Hesperian Blvd,Hayward,CALIFORNIA,94541,USA,16,72.0,12,2019-06-22 00:00:00,37.667227,-122.120338,1256646
"Shelby, IA",12 East St,Shelby,IOWA,51570,USA,8,150.0,405,2019-01-08 00:00:00,41.500575,-95.451663,9031
"Elkhart - George Craig Travel Plaza, IN",2971 Moose Trail,Elkhart,INDIANA,46514,USA,8,250.0,241,2021-12-23 00:00:00,41.731702,-86.005057,26101
"West Melbourne, FL",205 Palm Bay Rd NE,West Melbourne,FLORIDA,32904,USA,8,120.0,8,2017-12-16 00:00:00,28.037035,-80.664204,254878
"Manteca, CA",960 Perimeter Dr,Manteca,CALIFORNIA,95337,USA,20,150.0,9,2015-02-12 00:00:00,37.782622,-121.228683,1256646
"Leavenworth, WA",1329 US-2,Leavenworth,WASHINGTON,98826,USA,16,150.0,353,2018-07-28 00:00:00,47.598608,-120.655636,152101
"Baileyville, ME",32 Houlton Rd,Baileyville,MAINE,4694,USA,8,150.0,34,2019-09-12 00:00:00,45.123159,-67.348144,7377
"Delray Beach, FL","Delray Marketplace, 14851 Lyons Rd",Delray Beach,FLORIDA,33446,USA,18,120.0,6,2018-07-01 00:00:00,26.455815,-80.190072,254878
"Elkhart - Henry Schricker Travel Plaza, IN",28054 - 2 C.R. 4 West,Elkhart,INDIANA,46514,USA,8,250.0,241,2021-12-23 00:00:00,41.732798,-86.004993,26101
"York, PA",160 Leader Heights Rd,York,PENNSYLVANIA,17403,USA,8,120.0,220,2018-08-01 00:00:00,39.9102501,-76.7015182,70154
"Mansfield, MA",280 School St,Mansfield,MASSACHUSETTS,2048,USA,8,150.0,45,2018-06-30 00:00:00,42.013729,-71.231754,73768
"Sandusky, OH",4702 Milan Rd,Sandusky,OHIO,44870,USA,10,150.0,185,2018-07-03 00:00:00,41.410173,-82.662914,50393
"Jamestown, ND",2400 8th Ave SW,Jamestown,NORTH DAKOTA,58401,USA,8,250.0,447,2020-06-17 00:00:00,46.884658,-98.719555,959
"Jacksonville - Gate Parkway, FL",4866 Gate Pkwy,Jacksonville,FLORIDA,32466,USA,8,150.0,12,2018-08-29 00:00:00,30.254019,-81.536459,254878
"Huntsville, TX",148 Interstate 45,Huntsville,TEXAS,77340,USA,6,125.0,123,2013-11-20 00:00:00,30.716158,-95.565944,230125
"Normal, IL",Uptown Station Parking Deck 11 Uptown Circle,Normal,ILLINOIS,61761,USA,8,150.0,236,2013-06-26 00:00:00,40.508497,-88.985575,99573
"Sisseton, SD",Dakota Crossing 2410 S Dakota Hwy 10,Sisseton,SOUTH DAKOTA,57262,USA,8,250.0,361,2023-03-01 00:00:00,45.65847,-97.017933,1675
"Nashville, TN",61 E Thompson Ln,Nashville,TENNESSEE,37211,USA,24,250.0,151,2019-11-23 00:00:00,36.110444,-86.723917,33221
"Miami - NE 41st Street, FL",90 NE 41st St,Miami,FLORIDA,33137,USA,14,72.0,4,2018-06-23 00:00:00,25.813933,-80.194551,254878
"Houston - Northwest Fwy, TX",14620 Northwest Fwy,Houston,TEXAS,77040,USA,8,150.0,29,2018-08-18 00:00:00,29.867259,-95.538125,230125
"Aspen, CO",38750 Highway 82,Aspen,COLORADO,81611-2506,USA,8,72.0,2402,2018-07-03 00:00:00,39.204837,-106.858507,90083
"Portage - John T McCutcheon Travel Plaza, IN",Indiana Toll Rd,Portage,INDIANA,46368,USA,8,250.0,187,2021-12-24 00:00:00,41.588366,-87.216556,26101
"New London, CT",369 N Frontage Rd,New London,CONNECTICUT,6320,USA,8,250.0,38,2020-03-07 00:00:00,41.370726,-72.119398,31557
"Chester Springs, PA",1800 Ticonderoga Blvd,Chester Springs,PENNSYLVANIA,19425,USA,12,250.0,162,2022-11-12 00:00:00,40.075235,-75.686034,70154
"Napa - Factory Stores Drive, CA",629 Factory Stores Dr,Napa,CALIFORNIA,94558,USA,20,150.0,15,2019-11-16 00:00:00,38.297635,-122.302617,1256646
"Austin - S Congress Ave, TX",1603 S Congress Ave,Austin,TEXAS,78704,USA,8,250.0,167,2021-11-23 00:00:00,30.247661,-97.750105,230125
"Monroe Township, NJ",960 NJ-33,Monroe Township,NEW JERSEY,8831,USA,8,250.0,36,2022-07-01 00:00:00,40.267115,-74.471887,134753
"North Bethesda, MD",11860 Trade St,North Bethesda,MARYLAND,20852,USA,8,72.0,119,2020-01-28 00:00:00,39.050339,-77.11657,72139
"Corte Madera, CA",1618 Redwood Hwy,Corte Madera,CALIFORNIA,94925,USA,10,72.0,3,2019-02-12 00:00:00,37.928278,-122.514823,1256646
"Altoona, IA",1430 1st Ave N,Altoona,IOWA,50009,USA,6,150.0,291,2019-02-17 00:00:00,41.663503,-93.465484,9031
"Lynchburg, VA",14480 Wards Rd,Lynchburg,VIRGINIA,24502,USA,8,250.0,283,2020-02-06 00:00:00,37.32486,-79.190523,84936
"Portland, ME",295 Forest Ave,Portland,MAINE,4101,USA,12,150.0,4,2019-10-17 00:00:00,43.664423,-70.269631,7377
"Big Sur, CA",48123 Highway 1,Big Sur,CALIFORNIA,93920,USA,8,72.0,324,2019-05-24 00:00:00,36.226876,-121.761506,1256646
"Dover, DE",2800 N Dupont Hwy,Dover,DELAWARE,19901,USA,8,120.0,13,2019-01-12 00:00:00,39.19477,-75.54729,8435
"Cape May Court House, NJ",11 Court House South Dennis Rd,Cape May,NEW JERSEY,8210,USA,12,150.0,3,2019-07-26 00:00:00,39.088417,-74.8215,134753
"Lake Geneva, WI",7036 Grand Geneva Way,Lake Geneva,WISCONSIN,53147,USA,6,150.0,272,2019-09-26 00:00:00,42.60901,-88.407819,24943
"Olathe, KS",18101 W 119th St,Olathe,KANSAS,66061,USA,8,150.0,309,2019-06-11 00:00:00,38.912194,-94.795583,11271
"Middletown, NY",601 E Main St,Middletown,NEW YORK,10941,USA,8,150.0,136,2019-09-28 00:00:00,41.442449,-74.376565,131250
"Walker, MI",2988 Walker Ave NW,Walker,MICHIGAN,49544,USA,4,150.0,228,2018-12-24 00:00:00,43.018501,-85.723629,50284
"Ukiah - N State St, CA",1315 N State St,Ukiah,CALIFORNIA,95482,USA,12,250.0,191,2022-09-13 00:00:00,39.168351,-123.210046,1256646
"Arlington, VA",2800 Clarendon Blvd,Arlington,VIRGINIA,22201,USA,18,72.0,77,2019-04-18 00:00:00,38.887481,-77.092956,84936
"Fairfield - Northbound, CT",165 Round Hill Rd,Fairfield,CONNECTICUT,6824,USA,12,250.0,15,2019-12-23 00:00:00,41.146266,-73.257157,31557
"Sault Ste. Marie, MI",1138 W. 3 Mile Rd,Sault Ste. Marie,MICHIGAN,49783,USA,8,250.0,222,2021-08-26 00:00:00,46.463553,-84.386795,50284
"Sturbridge, MA",196 Main St,Sturbridge,MASSACHUSETTS,1566,USA,12,250.0,216,2023-03-24 00:00:00,42.098547,-72.072596,73768
"Hudson, MA",2 Highland Common E,Hudson,MASSACHUSETTS,1749,USA,8,120.0,122,2019-01-29 00:00:00,42.395775,-71.594724,73768
"Ithaca, NY",744 S Meadow St,Ithaca,NEW YORK,14850,USA,8,150.0,117,2019-07-24 00:00:00,42.428639,-76.509111,131250
"Antioch, CA",5769 Lone Tree Way,Antioch,CALIFORNIA,94531,USA,10,150.0,34,2019-03-20 00:00:00,37.963695,-121.737262,1256646
"Mt Airy, NC",2905 Rockford St,Mt Airy,NORTH CAROLINA,27030,USA,8,150.0,313,2019-06-22 00:00:00,36.458847,-80.636683,70164
"Rancho Mirage, CA",71800 CA-111,Rancho Mirage,CALIFORNIA,92270,USA,24,72.0,70,2019-09-18 00:00:00,33.741311,-116.409258,1256646
"Hudsonville, MI",4075 32nd Ave,Hudsonville,MICHIGAN,49426,USA,10,150.0,221,2019-08-16 00:00:00,42.843659,-85.862462,50284
"Skowhegan, ME",496 Madison Ave,Skowhegan,MAINE,4976,USA,8,150.0,74,2020-01-01 00:00:00,44.780304,-69.727027,7377
"Las Vegas - Grand Central Parkway, NV",875 S Grand Central Pkwy,Las Vegas,NEVADA,89106,USA,8,250.0,622,2020-09-15 00:00:00,36.165908,-115.158343,47361
"Acworth, GA",3500 Baker Rd,Acworth,GEORGIA,30101,USA,12,150.0,297,2019-08-19 00:00:00,34.075443,-84.652009,92368
"Williamsport, PA",105 Maynard St,Williamsport,PENNSYLVANIA,17701,USA,8,250.0,160,2020-02-25 00:00:00,41.2328,-77.019865,70154
"Framingham, MA",1 Worcester Rd,Framingham,MASSACHUSETTS,1701,USA,12,120.0,51,2018-06-29 00:00:00,42.303637,-71.394171,73768
"Staunton, VA",1250 Richmond Ave #302,Staunton,VIRGINIA,24402,USA,8,120.0,441,2019-01-31 00:00:00,38.1334859,-79.0434692,84936
"San Jose - Coleman Ave, CA",533 Coleman Ave,San Jose,CALIFORNIA,95110,USA,12,150.0,24,2018-09-01 00:00:00,37.339661,-121.905085,1256646
"Chico, CA",1951 E 20th St,Chico,CALIFORNIA,95928,USA,18,150.0,70,2019-06-19 00:00:00,39.726633,-121.802538,1256646
"Palm Springs, CA",N Museum Dr at N Belardo Rd,Palm Springs,CALIFORNIA,92262,USA,24,250.0,143,2019-06-19 00:00:00,33.824931,-116.548824,1256646
"Yorktown Heights, NY",3303 Crompond Rd,Yorktown Heights,NEW YORK,10598,USA,12,120.0,94,2019-06-13 00:00:00,41.29053,-73.832532,131250
"Albert Lea - Happy Trails Lane, MN",820 Happy Trails Ln,Albert Lea,MINNESOTA,56007,USA,8,150.0,382,2019-08-15 00:00:00,43.657608,-93.318547,37050
"Haymarket, VA",15315 Washington St,Haymarket,VIRGINIA,20169,USA,8,120.0,112,2018-12-19 00:00:00,38.815129,-77.642614,84936
"Alameda, CA",523 South Shore Center,Alameda,CALIFORNIA,94501,USA,12,150.0,3,2018-12-15 00:00:00,37.756265,-122.249306,1256646
"Katy, TX",25675 Nelson Way,Katy,TEXAS,77494,USA,12,150.0,42,2020-07-24 00:00:00,29.774658,-95.821859,230125
"Marin City, CA",190 Donahue St,Sausalito,CALIFORNIA,94965,USA,16,72.0,3,2020-09-03 00:00:00,37.872835,-122.510499,1256646
"Altoona, PA",1915 Pleasant Valley Blvd,Altoona,PENNSYLVANIA,16602,USA,8,120.0,338,2018-12-31 00:00:00,40.499647,-78.391352,70154
"Richmond, TX",20500 Southwest Fwy,Richmond,TEXAS,77469,USA,8,150.0,23,2018-12-17 00:00:00,29.561504,-95.695242,230125
"Waterbury, CT",160 Kukas Ln,Waterbury,CONNECTICUT,6705,USA,8,120.0,122,2018-12-19 00:00:00,41.53713,-73.005368,31557
"St. Joseph, MO",201 N Belt Hwy,St. Joseph,MISSOURI,64506,USA,8,150.0,305,2018-11-20 00:00:00,39.768966,-94.801118,26861
"Seattle - Union St, WA",601 Union St,Seattle,WASHINGTON,98101,USA,10,72.0,54,2019-07-09 00:00:00,47.609686,-122.332152,152101
"Raleigh, NC",4191 The Circle At North Hills St,Raleigh,NORTH CAROLINA,27609,USA,24,250.0,110,2017-11-02 00:00:00,35.835623,-78.642569,70164
"Kearny, NJ",200 Harrison Ave,Kearny,NEW JERSEY,7032,USA,8,120.0,3,2019-02-16 00:00:00,40.749156,-74.136392,134753
"Rockaway, NJ",395 Mt Hope Ave,Rockaway,NEW JERSEY,7866,USA,12,120.0,214,2019-03-02 00:00:00,40.908225,-74.557405,134753
"Madison, VA",2902 S Seminole Trail,Madison,VIRGINIA,22727,USA,8,250.0,192,2020-02-07 00:00:00,38.34664,-78.286103,84936
"Lynnfield, MA","MarketStreet Lynnfield, 600 Market St",Lynnfield,MASSACHUSETTS,1940,USA,12,150.0,33,2019-08-02 00:00:00,42.516609,-71.032521,73768
"Queens - Queens Center, NY",90-15 Queens Blvd,Queens,NEW YORK,11373,USA,10,72.0,8,2018-10-03 00:00:00,40.735082,-73.87067,131250
"Centennial, CO",9535 E County Line Rd,Englewood,COLORADO,80112,USA,12,250.0,1776,2020-06-14 00:00:00,39.567218,-104.877928,90083
"Flushing, NY",136-20 38th Ave,Flushing,NEW YORK,11354,USA,4,72.0,14,2020-01-28 00:00:00,40.760821,-73.829676,131250
"Lowell, AR",898 W Monroe Ave,Lowell,ARKANSAS,72745,USA,8,250.0,401,2020-02-21 00:00:00,36.255329,-94.152637,7108
"Lafayette, LA",Stirling Center Dr,Lafayette,LOUISIANA,70501,USA,8,250.0,3,2020-02-13 00:00:00,30.265264,-91.994232,8150
"Roscoe, NY",1908 Old Rte 17,Roscoe,NEW YORK,12776,USA,8,150.0,393,2019-02-12 00:00:00,41.93056,-74.908742,131250
"St. Joseph, MI",3260 Niles Rd,St. Joseph,MICHIGAN,49085,USA,8,120.0,210,2013-11-26 00:00:00,42.056357,-86.456352,50284
"Oneonta, NY",4968 NY-23,Oneonta,NEW YORK,13820,USA,8,250.0,334,2020-02-07 00:00:00,42.447575,-75.048622,131250
"Bay City, MI",2980 Wilder Rd,Bay City,MICHIGAN,48706,USA,8,150.0,181,2016-09-27 00:00:00,43.622061,-83.932241,50284
"Vero Beach, FL",9050 20th St,Vero Beach,FLORIDA,32966,USA,8,250.0,7,2020-03-15 00:00:00,27.6400894,-80.5135068,254878
"Collinsville, IL",217 N Bluff Rd,Collinsville,ILLINOIS,62234,USA,8,250.0,133,2021-06-18 00:00:00,38.67344,-90.013486,99573
"Mount Pleasant, IA",1700 E Washington St,Mount Pleasant,IOWA,52641,USA,8,250.0,219,2021-06-10 00:00:00,40.961378,-91.528249,9031
"Reston, VA",1904 Reston Station Blvd,Reston,VIRGINIA,20190,USA,8,250.0,117,2020-06-26 00:00:00,38.949021,-77.339711,84936
"St. Louis Park, MN",3601 State Hwy 100 (MN-100),St. Louis Park,MINNESOTA,55416,USA,8,250.0,269,2020-05-27 00:00:00,44.935964,-93.347857,37050
"Jackman, ME",407 Main St,Jackman,MAINE,4945,USA,4,150.0,374,2019-10-19 00:00:00,45.624071,-70.25201,7377
"Superior, CO",2 S Marshall Rd,Superior,COLORADO,80027,USA,16,250.0,1669,2020-10-02 00:00:00,39.9548017,-105.1646291,90083
"North Bend, WA",46600 SE North Bend Way,North Bend,WASHINGTON,98045,USA,8,250.0,209,2019-12-12 00:00:00,47.468107,-121.716454,152101
"Tremonton, UT",Hampton Inn 2145 W Main St,Tremonton,UTAH,84337,USA,10,150.0,1317,2015-04-01 00:00:00,41.70995,-112.198576,39998
"Spokane, WA",10506 W Aero Rd,Spokane,WASHINGTON,99224,USA,8,250.0,739,2019-12-21 00:00:00,47.590359,-117.56168,152101
"Meriden, CT",903 East Main St,Meriden,CONNECTICUT,6450,USA,8,250.0,98,2020-02-09 00:00:00,41.527018,-72.773982,31557
"Flossmoor, IL",3800 Vollmer Rd,Flossmoor,ILLINOIS,60422,USA,8,250.0,212,2020-06-19 00:00:00,41.529391,-87.709287,99573
"Vancouver - NE Vancouver Mall Dr, WA",8700 NE Vancouver Mall Dr,Vancouver,WASHINGTON,98662,USA,8,250.0,74,2020-03-24 00:00:00,45.659872,-122.582467,152101
"Placerville - Broadway, CA",1184 Broadway,Placerville,CALIFORNIA,95667,USA,12,150.0,578,2019-08-31 00:00:00,38.730606,-120.788085,1256646
"Ontario, OR",243 NE East Ln,Ontario,OREGON,97914,USA,8,250.0,655,2020-09-03 00:00:00,44.025597,-116.942114,64361
"Boulder, CO",29th St,Boulder,COLORADO,80301,USA,10,150.0,1611,2018-05-30 00:00:00,40.020306,-105.257028,90083
"Fort Lauderdale, FL",2620 W Broward Blvd,Fort Lauderdale,FLORIDA,33312,USA,8,250.0,2,2020-04-06 00:00:00,26.120885,-80.177098,254878
"Clearwater, FL",26508 US Highway 19,Clearwater,FLORIDA,33761,USA,8,250.0,25,2020-02-18 00:00:00,28.013295,-82.736244,254878
"Hattiesburg, MS",6109 US-98 W,Hattiesburg,MISSISSIPPI,39402,USA,8,150.0,77,2019-11-24 00:00:00,31.322701,-89.38188,3590
"San Diego - A Street, CA",1350 6th Ave,San Diego,CALIFORNIA,92101,USA,16,72.0,28,2018-06-27 00:00:00,32.719384,-117.159567,1256646
"Los Altos, CA",4800 El Camino Real,Los Altos,CALIFORNIA,94022,USA,16,72.0,24,2020-08-07 00:00:00,37.398894,-122.110682,1256646
"Washington, PA",331 Washington Rd,Washington,PENNSYLVANIA,15301,USA,8,250.0,370,2020-08-05 00:00:00,40.1873056,-80.2293889,70154
"Mission Viejo, CA",555 Shops Blvd,Mission Viejo,CALIFORNIA,92691,USA,10,72.0,120,2020-03-25 00:00:00,33.557279,-117.668035,1256646
"North Canaan, CT",11 E Main St,Canaan,CONNECTICUT,6018,USA,8,250.0,207,2020-04-17 00:00:00,42.024331,-73.322684,31557
"Lakewood, CO",14500 W Colfax Ave,Lakewood,COLORADO,80401,USA,16,250.0,1750,2020-03-31 00:00:00,39.733697,-105.154154,90083
"Easton, MD",7655 Ocean Gateway,Easton,MARYLAND,21601,USA,8,250.0,13,2020-05-28 00:00:00,38.759257,-76.061405,72139
"Ocean City, MD",12826A Ocean Gateway,West Ocean City,MARYLAND,21842,USA,8,250.0,2,2020-02-06 00:00:00,38.335586,-75.104509,72139
"Lancaster, PA",518 Greenfield Rd,Lancaster,PENNSYLVANIA,17601,USA,8,250.0,107,2020-03-13 00:00:00,40.052622,-76.254776,70154
"Greenville, NC",701 Moye Blvd,Greenville,NORTH CAROLINA,27834,USA,8,250.0,23,2022-05-26 00:00:00,35.6055,-77.4,70164
"Glendive, MT",1919 N Merrill Ave,Glendive,MONTANA,59330,USA,8,250.0,642,2020-06-19 00:00:00,47.127042,-104.694456,4608
"Walnut Creek - Plaza Escuela, CA",1181 Locust St,Walnut Creek,CALIFORNIA,94596,USA,24,72.0,50,2019-10-24 00:00:00,37.895277,-122.061828,1256646
"Elk Grove - Elk Grove Blvd, CA",8451 Elk Grove Blvd,Elk Grove,CALIFORNIA,95758,USA,16,250.0,11,2020-07-21 00:00:00,38.409389,-121.391028,1256646
"Kremmling, CO",605 Park Ave,Kremmling,COLORADO,80459,USA,8,250.0,2247,2020-08-08 00:00:00,40.059575,-106.387881,90083
"Milford - Southbound, CT",1 CT Turnpike S,Milford,CONNECTICUT,6460,USA,2,125.0,19,2012-12-16 00:00:00,41.246232,-73.010529,31557
"Ashland, NH",158 Main St,Ashland,NEW HAMPSHIRE,3217,USA,8,250.0,163,2020-08-21 00:00:00,43.698101,-71.640119,9861
"San Diego - Friars Rd, CA",7007 Friars Rd,San Diego,CALIFORNIA,92108,USA,48,250.0,11,2019-02-01 00:00:00,32.769144,-117.166271,1256646
"Mackinaw City, MI",801 S Huron Ave,Mackinaw City,MICHIGAN,49701,USA,8,250.0,180,2020-06-10 00:00:00,45.77225,-84.7265,50284
"Maple Shade, NJ",2801 Route 73 South,Maple Shade,NEW JERSEY,8052,USA,8,250.0,17,2020-02-21 00:00:00,39.937134,-74.970511,134753
"Brentwood - Old Hickory Blvd, TN",780 Old Hickory Blvd,Brentwood,TENNESSEE,37027,USA,12,250.0,214,2020-09-06 00:00:00,36.042377,-86.777844,33221
"Manteca - Spreckels Ave, CA",280 Spreckels Ave,Manteca,CALIFORNIA,95366,USA,12,250.0,13,2020-05-09 00:00:00,37.795975,-121.19771,1256646
"Metter, GA",1118 S Lewis St,Metter,GEORGIA,30349,USA,8,250.0,58,2019-11-27 00:00:00,32.378566,-82.062539,92368
"Tumwater, WA",2430 93rd Ave SW,Tumwater,WASHINGTON,98512,USA,8,250.0,61,2020-03-19 00:00:00,46.952944,-122.935111,152101
"Wareham, MA","Wareham Crossing, 2421 Cranberry Hwy",Wareham,MASSACHUSETTS,2571,USA,12,150.0,19,2020-01-15 00:00:00,41.775093,-70.744321,73768
"Madison, FL",3907 Southwest SR 14,Madison,FLORIDA,32340,USA,8,250.0,58,2021-12-31 00:00:00,30.43387,-83.4535,254878
"Emporia, KS",1330 Industrial Rd,Emporia,KANSAS,66801,USA,8,250.0,354,2020-05-27 00:00:00,38.414266,-96.216714,11271
"Minneapolis, MN",1600 New Brighton Blvd,Minneapolis,MINNESOTA,55413,USA,10,250.0,265,2020-10-07 00:00:00,45.004609,-93.229542,37050
"Bloomington, IN",3600 W Third St,Bloomington,INDIANA,47404,USA,8,250.0,261,2020-02-25 00:00:00,39.166222,-86.579116,26101
"Rockford, IL",7200 Harrison Ave,Rockford,ILLINOIS,61112,USA,8,150.0,238,2013-09-12 00:00:00,42.243896,-88.978877,99573
"Miami - SW 24th Street, FL",6971 SW 24th St,Miami,FLORIDA,33155,USA,8,250.0,2,2020-01-30 00:00:00,25.7485018,-80.3084064,254878
"Lincoln - Groveland Lane, CA",950 Groveland Ln,Lincoln,CALIFORNIA,95648,USA,8,250.0,44,2020-10-15 00:00:00,38.869969,-121.303187,1256646
"Sacramento - Freeport Blvd, CA",4700 Freeport Blvd,Sacramento,CALIFORNIA,95822,USA,8,250.0,6,2020-09-30 00:00:00,38.533691,-121.4961,1256646
"Darien - Southbound, CT",I-95 South after exit 10,Darien,CONNECTICUT,6820,USA,12,250.0,18,2013-06-19 00:00:00,41.067299,-73.504926,31557
"Reno - N Sierra St, NV",303 N Sierra St,Reno,NEVADA,89503,USA,16,250.0,1374,2019-12-24 00:00:00,39.529389,-119.815667,47361
"Great Falls, MT",2301 14th St SW,Great Falls,MONTANA,59404,USA,8,250.0,1023,2020-06-27 00:00:00,47.48295,-111.337681,4608
"Miles City, MT",1815 S Haynes Ave,Miles City,MONTANA,59301,USA,8,250.0,732,2020-06-18 00:00:00,46.390475,-105.823359,4608
"Alpharetta, GA",5185 1st St,Alpharetta,GEORGIA,30009,USA,10,72.0,336,2020-01-08 00:00:00,34.071582,-84.275404,92368
"Northbrook, IL",840 Willow Rd,Northbrook,ILLINOIS,60062,USA,8,250.0,195,2020-03-18 00:00:00,42.107745,-87.802496,99573
"Revere, MA",40 Furlong Dr,Revere,MASSACHUSETTS,2151,USA,8,250.0,3,2020-04-11 00:00:00,42.398547,-71.00021,73768
"Mojave - Sierra Hwy, CA",16246 Sierra Hwy,Mojave,CALIFORNIA,93501,USA,12,250.0,845,2022-08-18 00:00:00,35.056876,-118.174706,1256646
"Auburn, WA",1101 Outlet Collection Way SW,Auburn,WASHINGTON,98001,USA,12,150.0,25,2019-10-22 00:00:00,47.297976,-122.248274,152101
"Riverside - Canyon Springs Pkwy, CA",2755 Canyon Springs Pkwy,Riverside,CALIFORNIA,92507,USA,16,250.0,486,2020-02-25 00:00:00,33.939957,-117.282508,1256646
"Anaheim - E Katella Ave, CA",2404 E Katella Ave,Anaheim,CALIFORNIA,92806,USA,16,250.0,49,2019-12-24 00:00:00,33.805168,-117.882173,1256646
"Staten Island - Veterans Rd W, NY",2925 Veterans Rd W,Staten Island,NEW YORK,10309,USA,12,150.0,30,2019-12-31 00:00:00,40.527562,-74.231359,131250
"Helena, MT",3120 Queen Anns St,Helena,MONTANA,59602,USA,8,250.0,1160,2020-06-26 00:00:00,46.618173,-112.007628,4608
"Kokomo, IN",2301 E Markland Ave,Kokomo,INDIANA,46901,USA,8,250.0,249,2020-02-25 00:00:00,40.475169,-86.101306,26101
"Miami - South Dixie Highway, FL",8312 Dixie Highway,Miami,FLORIDA,33143,USA,12,72.0,3,2020-06-11 00:00:00,25.693198,-80.304898,254878
"Ashburn, VA",43300 Southern Walk Plaza,Ashburn,VIRGINIA,20148,USA,8,250.0,99,2020-02-20 00:00:00,39.008466,-77.504972,84936
"Richmond, IN",2507 Chester Blvd,Richmond,INDIANA,47374,USA,8,250.0,334,2020-04-08 00:00:00,39.868255,-84.886326,26101
"Ehrenberg, AZ",14320 Frontage Rd N,Ehrenberg,ARIZONA,85334,USA,8,250.0,101,2019-11-27 00:00:00,33.601666,-114.522376,89798
"South Padre Island, TX",100 Padre Blvd,South Padre Island,TEXAS,78597,USA,2,72.0,5,2019-11-12 00:00:00,26.081436,-97.16109,230125
"White Marsh, MD",5361 Nottingham Dr.,White Marsh,MARYLAND,21236,USA,8,250.0,22,2020-06-26 00:00:00,39.373985,-76.443133,72139
"Forks, WA",100 Fern Hill Rd,Forks,WASHINGTON,98331,USA,8,250.0,93,2020-03-30 00:00:00,47.942522,-124.384748,152101
"Woodcliff Lake, NJ",441 Chestnut Ridge Rd,Woodcliff Lake,NEW JERSEY,7677,USA,8,250.0,127,2021-02-12 00:00:00,41.04175,-74.073701,134753
"Conifer, CO",25637 Conifer Rd,Conifer,COLORADO,80433,USA,8,250.0,2465,2020-09-05 00:00:00,39.544083,-105.289972,90083
"Fargo, ND",5680 23rd Ave S,Fargo,NORTH DAKOTA,58104,USA,8,250.0,276,2020-05-29 00:00:00,46.843601,-96.882492,959
"North Wales, PA",593 DeKalb Pike,North Wales,PENNSYLVANIA,19454,USA,8,250.0,142,2021-11-25 00:00:00,40.219356,-75.247211,70154
"Gilman, IL",1043 S Crescent St,Gilman,ILLINOIS,60938,USA,8,250.0,199,2020-05-06 00:00:00,40.752202,-87.996464,99573
"Panama City Beach, FL",14100 Panama City Beach Parkway,Panama City Beach,FLORIDA,32413,USA,8,250.0,9,2020-08-28 00:00:00,30.211432,-85.849367,254878
"Madera - Ave 7, CA",32685 Ave 7,Madera,CALIFORNIA,93637,USA,16,250.0,87,2022-02-08 00:00:00,36.851569,-119.950611,1256646
"Miami - SW 124th Ave, FL",8521 SW 124th Ave,Miami,FLORIDA,33183,USA,12,250.0,2,2022-09-02 00:00:00,25.689099,-80.393365,254878
"Bakersfield - S Enos Ln, CA",9741 S Enos Ln,Bakersfield,CALIFORNIA,93311,USA,12,250.0,93,2022-09-16 00:00:00,35.266688,-119.253836,1256646
"Kissimmee, FL",7940 W Irlo Bronson Memorial Hwy,Kissimmee,FLORIDA,34747,USA,8,150.0,33,2020-01-13 00:00:00,28.34551,-81.604567,254878
"New River, AZ",3906 W New River Rd,New River,ARIZONA,85087,USA,10,150.0,621,2019-12-25 00:00:00,33.91578,-112.14417,89798
"San Bernardino, CA",400 Inland Center Dr,San Bernardino,CALIFORNIA,92408,USA,14,72.0,304,2018-06-08 00:00:00,34.08407,-117.299314,1256646
"San Jose - Cherry Avenue, CA",5160 Cherry Ave,San Jose,CALIFORNIA,95118,USA,24,72.0,56,2018-12-22 00:00:00,37.258506,-121.871476,1256646
"Thousand Oaks - West Hillcrest Drive, CA",350 West Hillcrest Dr,Thousand Oaks,CALIFORNIA,91360,USA,20,72.0,202,2018-08-05 00:00:00,34.18445,-118.890747,1256646
"New Haven, CT",450 Sargent Dr,New Haven,CONNECTICUT,6511,USA,12,250.0,2,2022-11-22 00:00:00,41.297348,-72.917804,31557
"Rockville, MD",30 Maryland Ave,Rockville,MARYLAND,20850,USA,8,72.0,130,2020-01-25 00:00:00,39.085997,-77.149696,72139
"Leon Springs, TX",24165 W I-10 Frontage Rd,San Antonio,TEXAS,78257,USA,10,150.0,348,2020-03-25 00:00:00,29.665289,-98.633387,230125
"Rutland, VT",194 Woodstock Ave,Rutland,VERMONT,5701,USA,6,250.0,206,2020-09-05 00:00:00,43.617562,-72.957208,7816
"Salem, OR",3790 Center St NE,Salem,OREGON,97301,USA,12,250.0,64,2020-11-05 00:00:00,44.93894,-122.987919,64361
"Tahoe City, CA",140 N. Lake Blvd,Tahoe City,CALIFORNIA,96145,USA,6,150.0,1901,2019-11-15 00:00:00,39.167793,-120.14453,1256646
"Gainesville, FL",3217 SW 35th Blvd,Gainesville,FLORIDA,32608,USA,10,150.0,23,2019-04-17 00:00:00,29.624756,-82.376597,254878
"Veedersburg, IN",1020 E Second St,Veedersburg,INDIANA,47987,USA,8,250.0,189,2021-11-13 00:00:00,40.11273,-87.248021,26101
"Cerritos - Los Cerritos Center, CA",239 Los Cerritos Center,Cerritos,CALIFORNIA,90703,USA,20,72.0,17,2020-09-04 00:00:00,33.8643904,-118.0915723,1256646
"Tacna, AZ",9250 South Ave 40E,Tacna,ARIZONA,95352,USA,8,250.0,113,2020-03-24 00:00:00,32.6900433,-113.9535836,89798
"Manhattan - Vesey St, NY",250 Vesey St,New York,NEW YORK,10281,USA,4,72.0,6,2020-01-28 00:00:00,40.714062,-74.015837,131250
"Wallace, NC",River Village Place,Island Creek,NORTH CAROLINA,28466,USA,8,150.0,15,2018-06-16 00:00:00,34.756276,-77.948019,70164
"Florence, SC",2701 David H McLeod Blvd,Florence,SOUTH CAROLINA,29501,USA,18,150.0,39,2017-10-21 00:00:00,34.190371,-79.832575,20873
"Marshall, MI",15252 US Hwy 27 N,Marshall,MICHIGAN,49068,USA,8,150.0,289,2017-07-06 00:00:00,42.292009,-84.964122,50284
"Grand Rapids, MI",5531 28th St SE,Grand Rapids,MICHIGAN,49512,USA,8,150.0,227,2015-06-25 00:00:00,42.914231,-85.533057,50284
"Mobile, AL",3201 Airport Blvd,Mobile,ALABAMA,36606,USA,8,150.0,6,2015-04-16 00:00:00,30.671556,-88.118644,13047
"Alexandria, MN",4404 State Hwy 29,Alexandria,MINNESOTA,56308,USA,8,250.0,427,2020-02-14 00:00:00,45.850405,-95.388969,37050
"Livonia, MI",13000 Middlebelt Rd,Livonia,MICHIGAN,48150,USA,10,150.0,193,2018-01-20 00:00:00,42.379485,-83.32954,50284
"Pittsburgh, PA",5550 Centre Ave,Pittsburgh,PENNSYLVANIA,15232,USA,8,72.0,270,2020-10-21 00:00:00,40.456432,-79.934125,70154
"Hawthorne - El Segundo Blvd, CA",4427 W El Segundo Blvd,Hawthorne,CALIFORNIA,90250,USA,12,72.0,22,2019-11-22 00:00:00,33.918036,-118.353197,1256646
"Florence - Houston Rd, KY",4990 Houston Rd,Florence,KENTUCKY,41042,USA,12,250.0,1108,2021-05-01 00:00:00,39.011489,-84.640279,11617
"Greenville, SC",108 Carolina Point Pkwy,Greenville,SOUTH CAROLINA,29607,USA,8,150.0,304,2015-11-09 00:00:00,34.825895,-82.306973,20873
"Marquette, MI",3630 US-41,Marquette,MICHIGAN,49855,USA,8,250.0,305,2021-07-01 00:00:00,46.551944,-87.470222,50284
"Palmdale, CA",1233 Rancho Vista Blvd,Palmdale,CALIFORNIA,93551,USA,20,250.0,815,2020-10-19 00:00:00,34.606207,-118.151386,1256646
"East Templeton, MA",163 Patriots Rd,Templeton,MASSACHUSETTS,1468,USA,8,250.0,321,2022-09-12 00:00:00,42.561164,-72.040773,73768
"Roseville - Galleria Boulevard, CA",1112 Galleria Blvd,Roseville,CALIFORNIA,95678,USA,20,150.0,69,2020-02-18 00:00:00,38.767949,-121.263356,1256646
"Lincoln, NH",22 S Mountain Dr,Lincoln,NEW HAMPSHIRE,3251,USA,6,150.0,245,2016-11-24 00:00:00,44.042314,-71.668127,9861
"Red Bluff, CA",94 Belle Mill Rd,Red Bluff,CALIFORNIA,96080,USA,8,250.0,82,2019-11-26 00:00:00,40.182152,-122.227452,1256646
"Fishkill, NY",18 Westage Dr,Fishkill,NEW YORK,12524,USA,12,250.0,65,2020-03-22 00:00:00,41.52727858284335,-73.893152475357,131250
"Chestertown, NY",6151 NY-8,Chestertown,NEW YORK,12817,USA,6,250.0,259,2020-03-05 00:00:00,43.665802,-73.784266,131250
"Louisville - Towne Center Drive, KY",4100 Towne Center Dr,Louisville,KENTUCKY,40241,USA,8,250.0,211,2020-07-01 00:00:00,38.299,-85.556056,11617
"Pismo Beach, CA",333 Five Cities Dr,Pismo Beach,CALIFORNIA,93449,USA,12,250.0,12,2020-06-08 00:00:00,35.136408,-120.628662,1256646
"Deltona, FL",3400 Howland Blvd,Deltona,FLORIDA,32725,USA,8,250.0,16,2020-04-25 00:00:00,28.9498974,-81.2508045,254878
"Minnetonka, MN",13201 Ridgedale Dr,Minnetonka,MINNESOTA,55305,USA,8,250.0,294,2020-08-27 00:00:00,44.9698145,-93.4478659,37050
"Baltimore - Boston Street, MD",3779 Boston St,Baltimore,MARYLAND,21224,USA,12,250.0,9,2020-10-13 00:00:00,39.274972,-76.563528,72139
"Big Sky, MT",145 Town Center Ave,Gallatin Gateway,MONTANA,59730,USA,8,150.0,1920,2020-07-02 00:00:00,45.2606761,-111.3062058,4608
"Miami Beach - Pennsylvania Ave, FL",1661 Pennsylvania Ave,Miami Beach,FLORIDA,33139,USA,10,72.0,1,2022-04-03 00:00:00,25.79169,-80.134014,254878
"Hermosa Beach, CA",710 16th St,Hermosa Beach,CALIFORNIA,90254,USA,20,250.0,25,2020-06-10 00:00:00,33.864955,-118.394819,1256646
"Lake Placid, NY",1930 Saranac Ave,Lake Placid,NEW YORK,12946,USA,8,250.0,592,2020-07-08 00:00:00,44.294797,-74.010526,131250
"Hardeeville, SC",16319 Whyte Hardee Blvd,Hardeeville,SOUTH CAROLINA,29927,USA,8,250.0,8,2020-06-13 00:00:00,32.27012485,-81.08084499,20873
"Estero, FL",10801 Corkscrew Rd,Estero,FLORIDA,33928,USA,16,250.0,6,2022-04-06 00:00:00,26.43604,-81.773048,254878
"Waterloo, NY",1133 Ridge Rd,Waterloo,NEW YORK,13165,USA,8,150.0,156,2017-03-12 00:00:00,42.970012,-76.846134,131250
"Miami Beach - West Avenue, FL",959 West Ave,Miami Beach,FLORIDA,33139,USA,18,72.0,1,2021-07-02 00:00:00,25.780227,-80.141787,254878
"Highland Park - Skokie Valley Rd, IL",2099 Skokie Valley Rd,Highland Park,ILLINOIS,60035,USA,12,250.0,195,2021-09-01 00:00:00,42.191936,-87.826741,99573
"Hines, OR",627 Hwy 20 N,Hines,OREGON,97738,USA,8,250.0,1267,2021-05-28 00:00:00,43.572694,-119.074556,64361
"Fresno - North Blackstone Ave, CA",7965 N Blackstone Ave,Fresno,CALIFORNIA,93720,USA,8,250.0,108,2021-08-12 00:00:00,36.85085698,-119.79142427,1256646
"Beaumont, CA",1551 E 2nd St,Beaumont,CALIFORNIA,92223,USA,20,250.0,779,2020-07-02 00:00:00,33.922543,-116.949167,1256646
"Chicago - OHare, IL",1090910929 W Higgins Rd,Chicago,ILLINOIS,60666,USA,14,150.0,195,2020-07-02 00:00:00,41.99870660096533,-87.888457775115,99573
"Marianna, FL",2070 FL-71,Marianna,FLORIDA,32448,USA,8,250.0,26,2021-01-29 00:00:00,30.716016,-85.184269,254878
"Great Barrington, MA",700 Main St,Great Barrington,MASSACHUSETTS,1230,USA,8,250.0,209,2020-09-26 00:00:00,42.180663,-73.364632,73768
"Quartzsite, AZ",1451 W Main St,Quartzsite,ARIZONA,85346,USA,36,250.0,280,2013-11-14 00:00:00,33.661314,-114.242174,89798
"Santa Clara, CA",3945 Rivermark Plaza,Santa Clara,CALIFORNIA,95054,USA,16,72.0,6,2020-09-17 00:00:00,37.394816,-121.945157,1256646
"San Francisco, CA",601 Van Ness Ave,San Francisco,CALIFORNIA,94102,USA,12,72.0,26,2020-08-14 00:00:00,37.781296,-122.421394,1256646
"Lacey, WA",655 Sleater Kinney Rd SE,Lacey,WASHINGTON,98503,USA,12,250.0,64,2020-10-30 00:00:00,47.0427557461906,-122.836407423019,152101
"Smithfield, NC",1700 E Market St,Smithfield,NORTH CAROLINA,27577,USA,8,150.0,45,2019-10-04 00:00:00,35.505,-78.325583,70164
"Vienna, VA",465 Maple Ave W,Vienna,VIRGINIA,22180,USA,8,250.0,120,2020-07-16 00:00:00,38.895195,-77.273938,84936
"Chillicothe, OH",1080 N Bridge St,Chillicothe,OHIO,45601,USA,8,250.0,190,2020-09-12 00:00:00,39.35835,-82.977277,50393
"Santa Cruz, CA",911 Soquel Ave,Santa Cruz,CALIFORNIA,95062,USA,16,250.0,23,2020-07-16 00:00:00,36.978635,-122.013968,1256646
"Clayton, NM",315 S First St,Clayton,NEW MEXICO,88415,USA,8,250.0,1540,2021-04-02 00:00:00,36.449444,-103.182028,10276
"Bothell, WA",19128 112th Ave NE,Bothell,WASHINGTON,98011,USA,10,72.0,24,2020-07-08 00:00:00,47.767606,-122.191712,152101
"Brunswick, GA",500 Millennium Blvd,Brunswick,GEORGIA,31525,USA,24,250.0,9,2020-08-18 00:00:00,31.245874,-81.501667,92368
"Burley, ID",E 5th St N,Heyburn,IDAHO,83336,USA,8,250.0,1264,2020-07-08 00:00:00,42.56159,-113.790261,8501
"Modesto - Sisk Rd, CA",3900 Sisk Rd,Modesto,CALIFORNIA,95356,USA,12,250.0,22,2020-07-13 00:00:00,37.694343,-121.064215,1256646
"Farmville, VA",2016 S Main St.,Farmville,VIRGINIA,23901,USA,8,250.0,137,2020-06-25 00:00:00,37.271854,-78.401442,84936
"Springfield - Cleveland Place, NJ",697 Morris Tpke,Springfield,NEW JERSEY,7081,USA,8,250.0,53,2020-07-30 00:00:00,40.717706,-74.329462,134753
"Deptford, NJ",1750 Deptford Center Rd,Deptford,NEW JERSEY,8096,USA,12,150.0,15,2020-07-29 00:00:00,39.833413,-75.097737,134753
"Montrose, CO",533 N 1st St,Montrose,COLORADO,81401,USA,8,250.0,1769,2020-12-18 00:00:00,38.481242,-107.876472,90083
"Greenbrae, CA","Bon Air Center, Sir Francis Drake Blvd",Greenbrae,CALIFORNIA,94904,USA,14,72.0,4,2020-12-16 00:00:00,37.944776,-122.522706,1256646
"Tappahannock, VA",1804 Tappahannock Blvd,Tappahannock,VIRGINIA,22560,USA,8,250.0,11,2021-01-14 00:00:00,37.903836,-76.865734,84936
"Lakeland, FL",4320 US Hwy 98 N,Lakeland,FLORIDA,33809,USA,7,250.0,60,2020-09-03 00:00:00,28.0979989,-81.9746033,254878
"Grand Forks, ND",3601 32nd Ave S,Grand Forks,NORTH DAKOTA,58201,USA,8,250.0,255,2021-08-25 00:00:00,47.888156,-97.081142,959
"Traver, CA",36005 CA-99,Traver,CALIFORNIA,93673,USA,16,250.0,87,2020-11-18 00:00:00,36.44881,-119.486404,1256646
"Menlo Park, CA",325 Sharon Park Dr,Menlo Park,CALIFORNIA,94025,USA,18,72.0,59,2019-11-21 00:00:00,37.423372,-122.198189,1256646
"Torrance, CA",3490 Fashion Way,Torrance,CALIFORNIA,90503,USA,20,250.0,26,2021-01-22 00:00:00,33.834811,-118.349039,1256646
"Gettysburg, PA",30 Camp Letterman Dr,Gettysburg,PENNSYLVANIA,17325,USA,8,250.0,182,2020-10-15 00:00:00,39.844127,-77.19905,70154
"Chula Vista, CA",910 Eastlake Pkwy,Chula Vista,CALIFORNIA,91915,USA,16,250.0,168,2020-08-04 00:00:00,32.649168,-116.9676,1256646
"Big Pine Key, FL",251 Key Deer Blvd,Big Pine Key,FLORIDA,33043,USA,8,250.0,1,2022-09-02 00:00:00,24.673431,-81.356383,254878
"Brooksville, FL",31100 Cortez Blvd,Brooksville,FLORIDA,34602,USA,12,250.0,29,2022-01-12 00:00:00,28.522692,-82.229948,254878
"Elverson, PA",1 Marsh Rd,Elverson,PENNSYLVANIA,19520,USA,8,250.0,170,2021-12-24 00:00:00,40.121588,-75.775761,70154
"Gloucester, MA",231 Gloucester Crossing,Gloucester,MASSACHUSETTS,1930,USA,8,250.0,43,2022-09-30 00:00:00,42.623417,-70.6545,73768
"Petersburg - Wagner Rd, VA",151 Wagner Rd,Petersburg,VIRGINIA,23805,USA,8,250.0,47,2020-12-12 00:00:00,37.1906,-77.3663,84936
"Seattle - NW Ballard Way, WA",1416 NW Ballard Way,Seattle,WASHINGTON,98107,USA,8,150.0,9,2020-12-11 00:00:00,47.662639,-122.374975,152101
"Malibu - Whole Foods and the Park, CA",23401 Civic Center Way,Malibu,CALIFORNIA,90265,USA,5,72.0,5,2019-06-13 00:00:00,34.037043,-118.685809,1256646
"Rehoboth Beach, DE",30155 Veterans Way,Rehoboth Beach,DELAWARE,19971,USA,8,250.0,7,2021-01-07 00:00:00,38.712542,-75.10381,8435
"Williamsburg, VA",842 Merrimac Trail,Williamsburg,VIRGINIA,23185,USA,8,250.0,25,2020-12-18 00:00:00,37.266487,-76.676613,84936
"Perry, OK",2812 Fir St,Perry,OKLAHOMA,73077,USA,6,150.0,330,2015-04-15 00:00:00,36.289315,-97.325935,22843
"Malibu, CA",3862 Cross Creek Rd,Malibu,CALIFORNIA,90265,USA,8,250.0,4,2020-12-17 00:00:00,34.036024,-118.684095,1256646
"Greenfield, CA",560 Walnut Ave,Greenfield,CALIFORNIA,93927,USA,12,250.0,86,2020-12-15 00:00:00,36.32925,-121.245444,1256646
"Lady Lake, FL",116 N. Highway 27/441,Lady Lake,FLORIDA,32159,USA,8,250.0,24,2020-09-09 00:00:00,28.917179,-81.923031,254878
"Winter Garden, FL",13501 W Colonial Dr,Winter Garden,FLORIDA,34787,USA,8,250.0,39,2020-12-18 00:00:00,28.551646,-81.584416,254878
"San Mateo - Hillsdale Boulevard, CA",1308 W Hillsdale Blvd,San Mateo,CALIFORNIA,94403,USA,12,250.0,108,2021-01-06 00:00:00,37.533306,-122.327472,1256646
"Sand City, CA",2040 California Ave,Sand City,CALIFORNIA,93955,USA,12,250.0,16,2021-04-17 00:00:00,36.621976,-121.844208,1256646
"Trenton - Richard Stockton, NJ",Richard Stockton Service Area,Trenton,NEW JERSEY,8691,USA,8,250.0,29,2021-05-06 00:00:00,40.176935,-74.631786,134753
"Georgetown, TX",1015 W University Ave,Georgetown,TEXAS,78628,USA,16,250.0,244,2023-04-12 00:00:00,30.632093,-97.694003,230125
"Davenport, FL",8103 Lake Wilson Rd,Davenport,FLORIDA,33896,USA,12,250.0,41,2021-05-25 00:00:00,28.258509,-81.590088,254878
"Grove City, PA",1931 Butler Pike,Grove City,PENNSYLVANIA,16127,USA,6,250.0,395,2020-02-07 00:00:00,41.143778,-80.157055,70154
"Mt. Shasta - 134 Morgan Way, CA",134 Morgan Way,Mt. Shasta,CALIFORNIA,96067,USA,16,150.0,1070,2018-01-04 00:00:00,41.310348,-122.316039,1256646
"Baker City, OR",1 Sunridge Ln,Baker City,OREGON,97814,USA,8,150.0,1044,2015-06-25 00:00:00,44.782849,-117.812422,64361
"San Diego - Qualcomm, CA",10105 Pacific Heights Blvd,San Diego,CALIFORNIA,92121,USA,12,150.0,88,2015-06-08 00:00:00,32.902137,-117.193489,1256646
"The Dalles, OR",2114 W 6th,The Dalles,OREGON,97058,USA,5,150.0,45,2014-08-01 00:00:00,45.611964,-121.208526,64361
"Valdosta, GA",2112 W Hill Ave,Valdosta,GEORGIA,31601,USA,8,250.0,61,2020-10-11 00:00:00,30.81732,-83.320889,92368
"Ozark, AR",3202 Pence Ln,Ozark,ARKANSAS,72949,USA,8,250.0,160,2020-09-04 00:00:00,35.5238,-93.8636,7108
"Cupertino - Stevens Creek Blvd, CA",20745 Stevens Creek Blvd,Cupertino,CALIFORNIA,95014,USA,28,250.0,76,2020-11-17 00:00:00,37.324722,-122.03684,1256646
"Elizabeth, NJ",651 Kapkowski Rd,Elizabeth,NEW JERSEY,7201,USA,16,250.0,6,2020-08-25 00:00:00,40.662806,-74.173611,134753
"Newark - Old Baltimore Pike, DE",865 S Old Baltimore Pike,Newark,DELAWARE,19702,USA,8,250.0,19,2023-03-17 00:00:00,39.642686,-75.729226,8435
"San Clemente - Av. Vista Hermosa, CA",990 Avenida Vista Hermosa,San Clemente,CALIFORNIA,92673,USA,16,250.0,124,2020-10-01 00:00:00,33.463091,-117.60783,1256646
"St. Johnsbury, VT",2000 Memorial Drive,St. Johnsbury,VERMONT,5819,USA,8,250.0,179,2022-09-30 00:00:00,44.460841,-72.014819,7816
"Placerville, CA",3968 Missouri Flat Rd,Placerville,CALIFORNIA,95667,USA,8,250.0,528,2021-05-15 00:00:00,38.709815,-120.842293,1256646
"Patterson - Speno Dr, CA",2959 Speno Dr,Patterson,CALIFORNIA,95363,USA,8,250.0,60,2020-08-29 00:00:00,37.466496,-121.174403,1256646
"Goldsboro, NC",1001 N Spence Ave,Goldsboro,NORTH CAROLINA,27530,USA,8,250.0,33,2020-12-31 00:00:00,35.386452,-77.948309,70164
"San Diego - Balboa Mesa, CA",5617 Balboa Av,San Diego,CALIFORNIA,92111,USA,16,250.0,112,2020-11-18 00:00:00,32.818922,-117.179792,1256646
"Flemington, NJ",20 NJ-31,Flemington,NEW JERSEY,8822,USA,8,250.0,48,2021-05-06 00:00:00,40.505245,-74.851828,134753
"Crystal River, FL",509 US-19,Crystal River,FLORIDA,34429,USA,8,250.0,3,2021-05-06 00:00:00,28.899556,-82.586778,254878
"Jacksonville - Philips Hwy, FL",5735 Philips Hwy,Jacksonville,FLORIDA,32216,USA,12,250.0,7,2021-07-23 00:00:00,30.265516,-81.617034,254878
"Baltimore - McHenry Row, MD",1641 Whetstone Way,Baltimore,MARYLAND,21230,USA,8,72.0,6,2018-10-25 00:00:00,39.268454,-76.59925,72139
"Granada Hills, CA",10823 Zelzah Ave,Granada Hills,CALIFORNIA,91344,USA,20,250.0,317,2020-12-24 00:00:00,34.266172,-118.524155,1256646
"Canoe Creek, FL",Mile Post 229 Florida Turnpike,Canoe Creek,FLORIDA,34760,USA,8,250.0,25,2022-01-08 00:00:00,28.094603,-81.27413,254878
"Wells, NV",1440 6th St,Wells,NEVADA,89835,USA,8,250.0,1721,2021-01-02 00:00:00,41.101369,-114.956259,47361
"Hermitage, PA",2381 S Hermitage Rd,Hermitage,PENNSYLVANIA,16148,USA,8,150.0,420,2017-09-05 00:00:00,41.201068,-80.455205,70154
"Cedar City, UT",5249 West 3650 South,Cedar City,UTAH,84720,USA,16,250.0,1678,2020-12-23 00:00:00,37.606299,-113.161244,39998
"Van Buren, AR",500 Pointer Trail,Van Buren,ARKANSAS,72956,USA,6,250.0,165,2021-03-19 00:00:00,35.458391,-94.356308,7108
"Yakima, WA",121 N Fair Ave,Yakima,WASHINGTON,98901,USA,8,250.0,317,2021-03-30 00:00:00,46.608814,-120.491244,152101
"Loomis, CA",6119 Horseshoe Bar Rd,Loomis,CALIFORNIA,95650,USA,8,250.0,115,2021-04-02 00:00:00,38.817444,-121.189472,1256646
"Salem, VA",1340 West Main St,Salem,VIRGINIA,24153,USA,8,150.0,317,2019-11-15 00:00:00,37.289384,-80.079866,84936
"Naples - Tarpon Bay Blvd, FL",2415 Tarpon Bay Blvd,Naples,FLORIDA,34119,USA,8,250.0,5,2021-09-08 00:00:00,26.271106,-81.739504,254878
"Dublin - Dublin Blvd, CA",2800 Dublin Blvd,Dublin,CALIFORNIA,94568,USA,10,150.0,109,2021-10-29 00:00:00,37.703993,-121.852249,1256646
"Newark - Chestnut Hill Rd, DE",274 E Chestnut Hill Rd,Newark,DELAWARE,19713,USA,8,250.0,25,2023-03-14 00:00:00,39.662049,-75.73563,8435
"Kingman, AZ",789 W Beale St,Kingman,ARIZONA,86401,USA,10,120.0,1025,2014-01-22 00:00:00,35.191331,-114.065592,89798
"Kinston, NC",4483 US-70 E,Kinston,NORTH CAROLINA,28504,USA,8,250.0,13,2020-09-18 00:00:00,35.26079,-77.649666,70164
"Simi Valley - Tierra Rejada Rd, CA",51 Tierra Rejada Rd,Simi Valley,CALIFORNIA,93065,USA,16,250.0,220,2020-09-22 00:00:00,34.272167,-118.797139,1256646
"Jacksonville - Chaffee Rd, FL",703 Chaffee Rd S,Jacksonville,FLORIDA,32221,USA,8,250.0,21,2020-09-19 00:00:00,30.307077,-81.847887,254878
"Bell, CA",4410 Gage Ave,Bell,CALIFORNIA,90201,USA,8,250.0,44,2021-05-11 00:00:00,33.977915,-118.188681,1256646
"Towson, MD",1300 E Joppa Rd,Towson,MARYLAND,21284,USA,8,250.0,147,2021-04-23 00:00:00,39.396234,-76.575626,72139
"San Fernando - Celis St, CA",1011 Pico St,San Fernando,CALIFORNIA,91340,USA,12,250.0,323,2021-05-15 00:00:00,34.281483,-118.44167,1256646
"Pasadena - E Glenarm St, CA",Cnr Glenarm St and Arroyo Pkwy,Pasadena,CALIFORNIA,91106,USA,20,250.0,230,2021-10-21 00:00:00,34.12699,-118.147727,1256646
"San Diego - Camino De La Plaza, CA",4211 Camino De La Plaza,San Ysidro,CALIFORNIA,92173,USA,8,250.0,16,2022-07-27 00:00:00,32.54462,-117.042305,1256646
"Fort Pierce, FL",5575 Okeechobee Rd,Fort Pierce,FLORIDA,34749,USA,8,250.0,5,2020-10-02 00:00:00,27.416538,-80.381845,254878
"Watertown, SD",1320 9th Ave SE,Watertown,SOUTH DAKOTA,57201,USA,8,250.0,524,2021-08-23 00:00:00,44.889,-97.093,1675
"Hamburg, PA",515 Lowland Rd,Hamburg,PENNSYLVANIA,19526,USA,8,250.0,153,2022-01-15 00:00:00,40.564621,-76.007412,70154
"Moosic, PA","Shoppes at Montage, 21422598 Shoppes Blvd",Moosic,PENNSYLVANIA,18507,USA,8,150.0,320,2017-01-05 00:00:00,41.361979,-75.676596,70154
"Orlando - W Sand Lake Rd, FL",6500 W Sand Lake Rd,Orlando,FLORIDA,32819,USA,8,150.0,33,2018-03-10 00:00:00,28.449767,-81.466734,254878
"Bear, DE",1100 Pulaski Hwy,Bear,DELAWARE,19701,USA,8,250.0,22,2022-11-23 00:00:00,39.632175,-75.660374,8435
"Brighton, CO",5112 E Bromley Ln,Brighton,COLORADO,80603,USA,8,250.0,1550,2020-10-08 00:00:00,39.971722,-104.748972,90083
"Titusville, FL",3055 Columbia Blvd,Titusville,FLORIDA,32780,USA,16,250.0,6,2020-10-18 00:00:00,28.552782,-80.840594,254878
"Clovis, CA",870 Herndon Ave,Clovis,CALIFORNIA,93612,USA,12,250.0,112,2021-03-19 00:00:00,36.836939,-119.6982,1256646
"Yulee, FL",20 Homegrown Way,Yulee,FLORIDA,32097,USA,8,250.0,6,2021-04-02 00:00:00,30.623736,-81.638238,254878
"Madison - Whitney Way, WI",675 S Whitney Way,Madison,WISCONSIN,53719,USA,8,250.0,307,2021-09-22 00:00:00,43.050266,-89.472382,24943
"Stoughton, MA",1 Hawes Way,Stoughton,MASSACHUSETTS,2072,USA,12,250.0,71,2021-09-30 00:00:00,42.152917,-71.073528,73768
"Louisville - Preston Hwy, KY",9500 Preston Hwy,Louisville,KENTUCKY,40229,USA,12,250.0,158,2021-09-30 00:00:00,38.111814,-85.677355,11617
"Port Saint Lucie - Florida's Turnpike, FL","Mile Marker, 144 Florida's Turnpike",Port St. Lucie,FLORIDA,34984,USA,16,250.0,7,2021-09-08 00:00:00,27.300086,-80.372074,254878
"Glen Mills, PA",970 Baltimore Pike,Glen Mills,PENNSYLVANIA,19342,USA,8,250.0,130,2020-12-14 00:00:00,39.883186,-75.534198,70154
"Asheville - S Tunnel Rd, NC",4 S Tunnel Rd,Asheville,NORTH CAROLINA,28805,USA,8,250.0,636,2021-05-12 00:00:00,35.584234,-82.523932,70164
"Williston, VT",129 Market St,Williston,VERMONT,5495,USA,8,250.0,121,2021-04-23 00:00:00,44.449659,-73.108963,7816
"Concord - Diamond Blvd, CA",1975 Diamond Blvd,Concord,CALIFORNIA,94520,USA,16,250.0,11,2021-01-15 00:00:00,37.969947,-122.058491,1256646
"Joplin, MO",5002 S Main St,Joplin,MISSOURI,64804,USA,8,250.0,296,2021-05-01 00:00:00,37.033192,-94.515724,26861
"Silverthorne, CO",246-V Rainbow Dr,Silverthorne,COLORADO,80498,USA,12,150.0,2670,2013-10-03 00:00:00,39.631457,-106.070816,90083
"Beavercreek, OH",3822 Colonel Glenn Hwy,Fairborn,OHIO,45324,USA,12,250.0,301,2023-01-19 00:00:00,39.776163,-84.074435,50393
"Elwood, NJ",Atlantic City Expressway Mile Marker 20,Hammonton,NEW JERSEY,8037,USA,8,250.0,25,2022-05-29 00:00:00,39.550487,-74.735734,134753
"Erie, PA",2225 Downs Dr,Erie,PENNSYLVANIA,16509,USA,8,150.0,358,2016-06-03 00:00:00,42.049602,-80.086345,70154
"San Ramon - San Ramon Valley Blvd, CA",21001 San Ramon Valley Blvd,San Ramon,CALIFORNIA,94583,USA,16,250.0,135,2021-12-10 00:00:00,37.723081,-121.944252,1256646
"California, MD",44900 St Andrews Church Rd,California,MARYLAND,20619,USA,8,250.0,37,2021-05-13 00:00:00,38.302946,-76.522367,72139
"Newnan, GA",555 Bullsboro Dr,Newnan,GEORGIA,30265,USA,12,250.0,285,2021-03-17 00:00:00,33.393341,-84.759097,92368
"Brinkley, AR",Pine Crest Shopping Center,Brinkley,ARKANSAS,72021,USA,8,250.0,66,2021-03-18 00:00:00,34.904944,-91.200056,7108
"Norfolk - N Military Hwy, VA",6301 N Military Hwy,Norfolk,VIRGINIA,23518,USA,8,250.0,5,2021-07-13 00:00:00,36.897383,-76.226511,84936
"Palm Beach Gardens, FL",4431 PGA Blvd,Palm Beach Gardens,FLORIDA,33410,USA,16,250.0,4,2023-04-11 00:00:00,26.840149,-80.103969,254878
"Florence - N Williston Rd, SC",3390 N Williston Rd,Florence,SOUTH CAROLINA,29506,USA,16,250.0,34,2022-05-16 00:00:00,34.272134,-79.703346,20873
"Yreka, CA",1808 Fort Jones Rd,Yreka,CALIFORNIA,96097,USA,12,250.0,833,2021-05-26 00:00:00,41.701506,-122.645108,1256646
"Fort Bragg, CA",101 Boatyard Dr,Fort Bragg,CALIFORNIA,95437,USA,12,250.0,32,2021-05-22 00:00:00,39.421063,-123.807299,1256646
"Evanston, IL",1800 Maple Ave,Evanston,ILLINOIS,60201,USA,12,250.0,184,2022-01-21 00:00:00,42.050353,-87.685491,99573
"Inyokern - Locust Ave, CA",6525 Inyokern Rd,Inyokern,CALIFORNIA,93527,USA,12,250.0,744,2021-09-06 00:00:00,35.646509,-117.81326,1256646
"Aurora - IL-59, IL",808 IL-59 S,Aurora,ILLINOIS,60504,USA,12,250.0,216,2020-10-30 00:00:00,41.769119,-88.208105,99573
"North Charleston, SC",4855 Tanger Outlet Blvd,North Charleston,SOUTH CAROLINA,29418,USA,8,250.0,6,2020-10-29 00:00:00,32.872626,-80.015535,20873
"Entiat, WA",14581 US Hwy 97a,Entiat,WASHINGTON,98822,USA,8,250.0,237,2020-12-23 00:00:00,47.684662,-120.206959,152101
"Daytona Beach, FL",2380 W International Speedway Blvd,Daytona Beach,FLORIDA,32114,USA,12,250.0,8,2020-10-26 00:00:00,29.183314,-81.07889,254878
"Medford, OR",2000 Crater Lake Hwy,Medford,OREGON,97504,USA,12,250.0,402,2020-11-04 00:00:00,42.347992,-122.878882,64361
"Buffalo Grove, IL",1550 Deerfield Pkwy,Buffalo Grove,ILLINOIS,60089,USA,12,250.0,197,2020-11-07 00:00:00,42.168699,-87.923841,99573
"Hartford - Leibert Rd, CT",195 Leibert Rd,Hartford,CONNECTICUT,6120,USA,12,150.0,7,2020-10-30 00:00:00,41.788236,-72.65582,31557
"Baton Rouge - Highland Rd, LA",18149 Highland Rd,Baton Rouge,LOUISIANA,70810,USA,8,250.0,6,2023-03-30 00:00:00,30.348888,-91.028019,8150
"Claymont - Philadelphia Pike, DE",2621 Philadelphia Pike,Claymont,DELAWARE,19703,USA,8,250.0,29,2020-10-28 00:00:00,39.794717,-75.469534,8435
"Jackson, CA",31 CA-88,Jackson,CALIFORNIA,95642,USA,8,250.0,374,2020-11-05 00:00:00,38.347998,-120.7766,1256646
"Stockton, CA",2323 Grand Canal Blvd,Stockton,CALIFORNIA,95207,USA,12,250.0,3,2020-11-13 00:00:00,37.984978,-121.335924,1256646
"Firebaugh, CA",46272 W Panoche Rd,Firebaugh,CALIFORNIA,93622,USA,56,250.0,146,2020-11-13 00:00:00,36.639287,-120.625451,1256646
"Palm Coast, FL",5600 FL-100 East,Palm Coast,FLORIDA,32164,USA,8,250.0,9,2020-11-13 00:00:00,29.475857,-81.206442,254878
"Bishop, CA",151 S Warren St,Bishop,CALIFORNIA,93514,USA,12,250.0,1263,2020-11-18 00:00:00,37.360397,-118.396963,1256646
"Water Mill, NY",760 Montauk Hwy,Water Mill,NEW YORK,11976,USA,8,250.0,6,2020-11-08 00:00:00,40.912008,-72.352969,131250
"Hillsboro, OR",18101 NW Evergreen Pkwy,Hillsboro,OREGON,97006,USA,12,250.0,70,2020-11-05 00:00:00,45.538579,-122.866166,64361
"Rowland Heights, CA",17247 Colima Rd,Rowland Heights,CALIFORNIA,91748,USA,8,72.0,135,2020-11-07 00:00:00,33.991811,-117.92803,1256646
"Playa Vista, CA",12746 W Jefferson Blvd,Playa Vista,CALIFORNIA,90094,USA,14,72.0,11,2020-11-06 00:00:00,33.977104,-118.417167,1256646
"San Jose - Holger Way, CA",95 Holger Wy,San Jose,CALIFORNIA,95134,USA,14,72.0,3,2020-11-07 00:00:00,37.417281,-121.956897,1256646
"Austin - Century Oaks Terrace, TX",11410 Century Oaks Terrace,Austin,TEXAS,78758,USA,16,72.0,237,2020-11-21 00:00:00,30.4023,-97.7247,230125
"Hesperia, CA",12795 Main St,Hesperia,CALIFORNIA,92345,USA,20,250.0,1077,2020-11-17 00:00:00,34.424864,-117.385861,1256646
"Falls Church, VA",7501 Leesburg Pike,Falls Church,VIRGINIA,22043,USA,8,250.0,111,2020-11-20 00:00:00,38.902472,-77.203588,84936
"Emeryville - Christie Ave, CA",5795 Christie Ave,Emeryville,CALIFORNIA,94608,USA,12,250.0,4,2020-03-28 00:00:00,37.837506,-122.295407,1256646
"Santa Ana - E 5th St, CA",300 E 5th St,Santa Ana,CALIFORNIA,92701,USA,20,72.0,37,2020-11-20 00:00:00,33.748796,-117.866115,1256646
"Woodland, CA",2185 Bronze Star Dr,Woodland,CALIFORNIA,95776,USA,8,250.0,11,2020-11-19 00:00:00,38.671368,-121.723893,1256646
"Land O Lakes, FL",25155 Maren Way,Land O Lakes,FLORIDA,34639,USA,8,250.0,21,2021-02-03 00:00:00,28.189347,-82.40032,254878
"Sunnyvale - S Bernardo Ave, CA",639 S Bernardo Ave,Sunnyvale,CALIFORNIA,94087,USA,16,250.0,45,2021-04-03 00:00:00,37.372668,-122.057332,1256646
"Waldorf, MD",11505 Berry Rd,Waldorf,MARYLAND,20603,USA,8,250.0,67,2021-04-20 00:00:00,38.630127,-76.919032,72139
"Hilton Head Island, SC",33 Office Park Rd,Hilton Head Island,SOUTH CAROLINA,29928,USA,8,250.0,4,2020-11-05 00:00:00,32.15369,-80.767933,20873
"Sacramento - J St, CA",500 David J Stern Walk,Sacramento,CALIFORNIA,95814,USA,20,250.0,9,2021-09-18 00:00:00,38.580186,-121.499476,1256646
"Fremont - Pacific Commons, CA",43950 Pacific Commons Blvd,Fremont,CALIFORNIA,94538,USA,16,250.0,6,2020-11-18 00:00:00,37.502482,-121.968927,1256646
"Pasco, WA",4905 North Road 68,Pasco,WASHINGTON,99301,USA,8,250.0,154,2023-04-20 00:00:00,46.272437,-119.182456,152101
"Emeryville - Shellmound St, CA",5901 Shellmound St,Emeryville,CALIFORNIA,94608,USA,12,250.0,3,2020-11-20 00:00:00,37.840449,-122.293936,1256646
"Davis, CA",2151 Cowell Blvd,Davis,CALIFORNIA,95618,USA,16,250.0,13,2021-01-20 00:00:00,38.542553,-121.725827,1256646
"Crestview, FL",2670 S Ferdon Blvd,Crestview,FLORIDA,32536,USA,8,250.0,69,2021-02-17 00:00:00,30.733386,-86.566733,254878
"Waco, TX",701 Interstate 35,Bellmead,TEXAS,76705,USA,22,250.0,124,2013-09-07 00:00:00,31.58224,-97.10915,230125
"Denton - S I-35 E, TX",2800 S Interstate 35 E,Denton,TEXAS,76210,USA,8,250.0,196,2023-05-22 00:00:00,33.178819,-97.101846,230125
"Gilroy - Camino Arroyo, CA",6705 Camino Arroyo,Gilroy,CALIFORNIA,95020,USA,12,250.0,57,2020-11-26 00:00:00,37.000817,-121.554338,1256646
"Hilton Head - William Hilton Pkwy, SC",430 William Hilton Pkwy,Hilton Head Island,SOUTH CAROLINA,29926,USA,8,250.0,4,2022-05-26 00:00:00,32.21475,-80.703411,20873
"Bethesda - Elm St, MD",4950 Elm St,Bethesda,MARYLAND,20814,USA,12,250.0,96,2022-12-18 00:00:00,38.981159,-77.097958,72139
"Oakland - 2nd St, CA",255 2nd St,Oakland,CALIFORNIA,94607,USA,12,72.0,4,2020-11-22 00:00:00,37.794153,-122.272578,1256646
"Hagerstown - Venture Dr, MD",17803 Venture Dr,Hagerstown,MARYLAND,21740,USA,8,250.0,175,2020-12-30 00:00:00,39.608895,-77.750802,72139
"Rockledge, FL",5410 Murrell Rd,Rockledge,FLORIDA,32955,USA,12,250.0,9,2021-03-04 00:00:00,28.26721,-80.71842,254878
"Tilton, NH",65 Laconia Rd,Tilton,NEW HAMPSHIRE,3276,USA,8,250.0,142,2021-02-25 00:00:00,43.455263,-71.564612,9861
"Metairie, LA",211 Veterans Memorial Blvd,Metairie,LOUISIANA,70005,USA,12,250.0,0,2021-06-02 00:00:00,30.001862,-90.124675,8150
"Charlotte - Northlake Centre Pkwy, NC",9717 Northlake Centre Pkwy F,North Charlotte,NORTH CAROLINA,28216,USA,12,250.0,227,2021-06-25 00:00:00,35.34726,-80.85921,70164
"Dobbs Ferry, NY",47-55 Hamilton St,Dobbs Ferry,NEW YORK,10522,USA,12,250.0,44,2022-09-02 00:00:00,41.003783,-73.85642,131250
"Fairfax - Fairfax Blvd, VA",9700 Fairfax Blvd,Fairfax,VIRGINIA,22031,USA,12,250.0,93,2022-09-09 00:00:00,38.864685,-77.280101,84936
"San Luis Obispo - Los Osos Valley Rd, CA",11990 Los Osos Valley Rd,San Luis Obispo,CALIFORNIA,93405,USA,16,250.0,38,2021-05-15 00:00:00,35.253753,-120.684317,1256646
"Lisbon, CT",160 River Rd,Lisbon,CONNECTICUT,6351,USA,8,250.0,39,2020-12-08 00:00:00,41.58569,-71.991059,31557
"Seattle - 1201 2nd Avenue, WA",1201 2nd Ave,Seattle,WASHINGTON,98101,USA,4,72.0,24,2020-12-07 00:00:00,47.6066581,-122.3371498,152101
"Westampton - Rancocas Rd, NJ",570 Rancocas Rd,Westampton,NEW JERSEY,8060,USA,8,250.0,20,2021-11-25 00:00:00,40.006811,-74.860835,134753
"Burlington, MA",75 Middlesex Turnpike,Burlington,MASSACHUSETTS,1803,USA,12,250.0,42,2022-07-28 00:00:00,42.4836,-71.2164,73768
"Eastvale - Limonite Ave, CA",12571 Limonite Ave,Eastvale,CALIFORNIA,91752,USA,16,250.0,203,2021-06-29 00:00:00,33.976911,-117.55442,1256646
"Littleton, MA",812 Constitution Ave,Littleton,MASSACHUSETTS,1460,USA,12,250.0,68,2021-03-30 00:00:00,42.553135,-71.473819,73768
"Santa Ysabel, CA",30270 CA-78,Santa Ysabel,CALIFORNIA,92070,USA,8,250.0,910,2021-03-29 00:00:00,33.109253,-116.674419,1256646
"New Milford, CT",291 Danbury Rd,New Milford,CONNECTICUT,6776,USA,8,250.0,77,2021-03-29 00:00:00,41.538744,-73.421791,31557
"Archdale, NC",10206 S Main St,Archdale,NORTH CAROLINA,27263,USA,8,250.0,245,2021-03-31 00:00:00,35.899472,-79.946472,70164
"Brewster, NY",1 Starr Ridge Rd,Brewster,NEW YORK,10509,USA,8,250.0,141,2022-11-23 00:00:00,41.39169,-73.595175,131250
"Irvine - Walnut Ave, CA",5406 Walnut Ave,Irvine,CALIFORNIA,92604,USA,8,250.0,47,2020-12-04 00:00:00,33.689853,-117.768924,1256646
"Fountain Valley - Warner Ave, CA",9380 Warner Ave,Fountain Valley,CALIFORNIA,92708,USA,12,250.0,9,2022-01-21 00:00:00,33.715666,-117.964945,1256646
"Sterling, VA",23055 Oakgrove Rd,Sterling,VIRGINIA,20166,USA,8,250.0,110,2021-05-25 00:00:00,38.977853,-77.41201,84936
"Lexington (NB), MA",690 Marrett Rd,Lexington,MASSACHUSETTS,2421,USA,8,250.0,58,2021-09-23 00:00:00,42.439697,-71.257982,73768
"Philadelphia - Penrose Ave, PA",2600 Penrose Ave,Philadelphia,PENNSYLVANIA,19145,USA,20,250.0,3,2021-06-17 00:00:00,39.905116,-75.19437,70154
"Charlton - Westbound, MA",6 Massachusetts Turnpike,Charlton,MASSACHUSETTS,1507,USA,8,250.0,262,2021-06-15 00:00:00,42.156788,-71.962909,73768
"Newton, MA",6 MA-128,Newton,MASSACHUSETTS,2462,USA,8,250.0,24,2023-01-25 00:00:00,42.330663,-71.255062,73768
"Pembroke Pines - S Hiatus Rd, FL",1600 S Hiatus Rd,Pembroke Pines,FLORIDA,33025,USA,8,250.0,2,2022-10-16 00:00:00,25.994288,-80.296384,254878
"Terrell, TX",506 I-20,Terrell,TEXAS,75160,USA,24,250.0,151,2023-03-22 00:00:00,32.717529,-96.323024,230125
"Stafford, VA",105 Garrisonville Rd,Stafford,VIRGINIA,22554,USA,8,250.0,57,2021-05-22 00:00:00,38.467411,-77.412069,84936
"Douglasville, GA",2950 Chapel Hill Rd,Douglasville,GEORGIA,30135,USA,12,250.0,340,2021-05-16 00:00:00,33.726907,-84.735784,92368
"Baytown, TX",4080 East Fwy,Baytown,TEXAS,77521,USA,12,250.0,8,2022-05-29 00:00:00,29.801587,-94.997897,230125
"Columbia, SC",8910 Farrow Rd,Columbia,SOUTH CAROLINA,29203,USA,8,150.0,95,2016-11-15 00:00:00,34.106319,-80.950723,20873
"Plymouth, NC",840 U.S. 64,Plymouth,NORTH CAROLINA,27962,USA,8,150.0,5,2014-03-12 00:00:00,35.850587,-76.756116,70164
"Merced - Martin Luther King Junior Way, CA",1425 Martin Luther King Jr Way,Merced,CALIFORNIA,95340,USA,12,250.0,52,2021-03-10 00:00:00,37.297988,-120.483354,1256646
"Brownsville, TX",2155 Paredes Line Rd,Brownsville,TEXAS,78521,USA,8,250.0,8,2021-03-03 00:00:00,25.950115,-97.488512,230125
"Blanding, UT",12 N Grayson Pkwy,Blanding,UTAH,84511,USA,4,120.0,1849,2014-01-13 00:00:00,37.625553,-109.473841,39998
"Draper, UT",208 E 12300 St,Draper,UTAH,84020,USA,12,250.0,1351,2021-03-10 00:00:00,40.526531,-111.88591,39998
"Haubstadt - Ruffian Way, IN",19920 Ruffian Way,Haubstadt,INDIANA,47639,USA,8,250.0,136,2021-10-11 00:00:00,38.159762,-87.551955,26101
"Glendale - Harvey Dr, CA",310 Harvey Dr,Glendale,CALIFORNIA,91206,USA,16,250.0,208,2022-01-25 00:00:00,34.148107,-118.227151,1256646
"Grinnell, IA",715 Lang Creek Ave,Grinnell,IOWA,50112,USA,8,250.0,298,2022-05-19 00:00:00,41.700046,-92.726636,9031
"Chicago - N Elston Ave, IL",2656 N Elston Ave,Chicago,ILLINOIS,60647,USA,12,250.0,182,2021-05-31 00:00:00,41.928,-87.685478,99573
"San Diego - Clairemont Mesa Blvd, CA",7373 Clairemont Mesa Blvd,San Diego,CALIFORNIA,92111,USA,12,250.0,32,2022-12-20 00:00:00,32.831963,-117.159547,1256646
"Bowie, MD",10400 Martin Luther King Hwy,Bowie,MARYLAND,20720,USA,8,250.0,42,2022-12-22 00:00:00,38.956171,-76.826008,72139
"San Bruno - San Bruno Ave, CA",2801 San Bruno Ave W,San Bruno,CALIFORNIA,94066,USA,12,250.0,144,2021-05-31 00:00:00,37.618905,-122.440524,1256646
"Denver, PA","Pennsylvania Turnpike, Exit 286 Eastbound, Milepost 289.9",Bowmansville,PENNSYLVANIA,17507,USA,8,250.0,146,2021-07-16 00:00:00,40.202902,-76.015953,70154
"East Point, GA",3660 Marketplace Blvd,East Point,GEORGIA,30344,USA,12,250.0,277,2021-03-30 00:00:00,33.658708,-84.50122,92368
"New Stanton, PA",119 Bair Blvd,New Stanton,PENNSYLVANIA,15672,USA,8,250.0,292,2023-03-23 00:00:00,40.218355,-79.613656,70154
"Bridgewater, NJ",580 Union Ave,Bridgewater Township,NEW JERSEY,8807,USA,8,250.0,19,2022-10-13 00:00:00,40.56757,-74.563865,134753
"Fredericksburg, VA",10060 Jefferson Davis Hwy,Fredericksburg,VIRGINIA,22407,USA,8,150.0,49,2018-04-12 00:00:00,38.225974,-77.506136,84936
"Redlands - W Stuart Ave, CA",275 W Stuart Ave,Redlands,CALIFORNIA,92373,USA,20,250.0,408,2022-07-04 00:00:00,34.059384,-117.185405,1256646
"San Francisco - Geary Blvd, CA",2675 Geary Blvd,San Francisco,CALIFORNIA,94118,USA,34,250.0,94,2021-05-20 00:00:00,37.781806,-122.446146,1256646
"Peoria - N Sheridan Rd, IL",4125 N Sheridan Rd #20,Peoria,ILLINOIS,61614,USA,8,250.0,211,2021-03-30 00:00:00,40.739208,-89.606721,99573
"St. Petersburg, FL",3637 34th St S,St. Petersburg,FLORIDA,33711,USA,8,250.0,6,2021-02-20 00:00:00,27.734808,-82.680101,254878
"Edgewater, MD",3166 Solomons Island Rd,Edgewater,MARYLAND,21037,USA,8,250.0,12,2021-09-29 00:00:00,38.936193,-76.56776,72139
"Copperopolis, CA",100 Town Square Rd,Copperopolis,CALIFORNIA,95228,USA,12,250.0,278,2021-03-31 00:00:00,37.972864,-120.653276,1256646
"Tupelo, MS",1001 Barnes Crossing Rd,Tupelo,MISSISSIPPI,38804,USA,8,150.0,83,2017-05-11 00:00:00,34.311515,-88.700843,3590
"Urbana, MD",9180 Fingerboard Rd,Urbana,MARYLAND,21704,USA,8,250.0,142,2022-03-09 00:00:00,39.327271,-77.34652,72139
"Glenwood Springs, CO",125 Wulfsohn Rd,Glenwood Springs,COLORADO,81601,USA,6,150.0,1762,2013-09-17 00:00:00,39.55268,-107.340168,90083
"Colfax, NC",3202 Sandy Ridge Rd,Colfax,NORTH CAROLINA,27235,USA,8,250.0,292,2021-04-08 00:00:00,36.095012,-79.994674,70164
"West Palm Beach - Garden Rd, FL",7289 Garden Rd,West Palm Beach,FLORIDA,33404,USA,8,120.0,4,2018-12-21 00:00:00,26.782582,-80.092328,254878
"Marietta, GA",3000 Windy Hill Rd SE,Marietta,GEORGIA,30067,USA,12,250.0,275,2021-03-19 00:00:00,33.90375,-84.465778,92368
"Chester, VA",11701 Jefferson Davis Hwy,Chester,VIRGINIA,23831,USA,8,150.0,40,2017-09-20 00:00:00,37.367323,-77.416947,84936
"Baltimore - South Caton Avenue, MD",1202 South Caton Ave,Halethorpe,MARYLAND,21227,USA,5,250.0,33,2021-02-22 00:00:00,39.268888,-76.668933,72139
"Monument, CO",17970 Knollwood Dr,Monument,COLORADO,80132,USA,8,250.0,2154,2021-05-07 00:00:00,39.092296,-104.852544,90083
"Winter Park, FL",901 N Orlando Ave,Winter Park,FLORIDA,32789,USA,12,250.0,31,2021-03-17 00:00:00,28.604988,-81.365915,254878
"Mt. Hope, WV",5481 Robert C. Byrd Dr,Mount Hope,WEST VIRGINIA,25880,USA,8,150.0,724,2018-02-19 00:00:00,37.847683,-81.196272,2758
"Bastrop, TX",1700 State Hwy 71,Bastrop,TEXAS,78602,USA,12,250.0,125,2022-09-19 00:00:00,30.10603,-97.305318,230125
"Okahumpka, FL",299 FL-91,Wildwood,FLORIDA,34785,USA,8,250.0,29,2021-10-09 00:00:00,28.787015,-81.982383,254878
"Monterey-Seaside, CA",1901 Del Monte Blvd,Seaside,CALIFORNIA,93955,USA,6,150.0,10,2015-08-13 00:00:00,36.616759,-121.844014,1256646
"Gillette, WY","Hampton Inn, 211 Decker Ct",Gillette,WYOMING,82718,USA,4,150.0,1396,2015-09-24 00:00:00,44.29301,-105.526628,1139
"San Juan Capistrano, CA",31971 Camino Capistrano,San Juan Capistrano,CALIFORNIA,92675,USA,7,125.0,30,2014-05-06 00:00:00,33.498458,-117.6632,1256646
"West Hartford, CT",1445 New Britain Ave,West Hartford,CONNECTICUT,6110,USA,8,150.0,52,2014-12-05 00:00:00,41.722672,-72.759717,31557
"Greenville, AL",219 Interstate Dr,Greenville,ALABAMA,36037,USA,12,250.0,145,2014-12-06 00:00:00,31.855989,-86.635765,13047
"Virginia Beach, VA",2501 Virginia Beach Blvd,Virginia Beach,VIRGINIA,23452,USA,8,250.0,4,2021-05-21 00:00:00,36.840677,-76.055615,84936
"Ellensburg, WA",1620 Canyon Rd,Ellensburg,WASHINGTON,98926,USA,5,150.0,454,2013-12-23 00:00:00,46.976918,-120.54162,152101
"Truckee - Brockway Rd, CA",The Rock 11209 Brockway Rd,Truckee,CALIFORNIA,96161,USA,8,150.0,1801,2015-10-23 00:00:00,39.321865,-120.1621,1256646
"Macedonia, OH",8210 Macedonia Commons Blvd,Macedonia,OHIO,44056,USA,6,150.0,296,2014-01-15 00:00:00,41.313663,-81.517018,50393
"State College, PA",223 Colonnade Blvd,State College,PENNSYLVANIA,16803,USA,8,250.0,373,2021-03-05 00:00:00,40.815605,-77.901757,70154
"Springfield, IL",3801 South MacArthur Blvd,Springfield,ILLINOIS,62711,USA,8,150.0,184,2015-01-09 00:00:00,39.748868,-89.67119,99573
"Silverthorne - Ruby Ranch Rd, CO",101 Ruby Ranch Rd,Silverthorne,COLORADO,80498,USA,8,250.0,2654,2021-07-03 00:00:00,39.645998,-106.079617,90083
"Cherry Hill - Haddonfield Rd, NJ",904 Haddonfield Rd,Cherry Hill,NEW JERSEY,8002,USA,8,250.0,9,2021-05-21 00:00:00,39.925886,-75.032423,134753
"San Jose - 925 Blossom Hill Rd, CA",925 Blossom Hill Rd,San Jose,CALIFORNIA,95123,USA,24,250.0,55,2021-06-24 00:00:00,37.250854,-121.860731,1256646
"Lima, OH",1933 Roschman Ave,Lima,OHIO,45804,USA,8,150.0,271,2014-12-23 00:00:00,40.726668,-84.071932,50393
"Seabrook, NH",700 Lafayette Rd,Seabrook,NEW HAMPSHIRE,3874,USA,8,150.0,16,2015-10-09 00:00:00,42.895182,-70.869351,9861
"Tinton Falls, NJ",1 Premium Outlets Blvd,Tinton Falls,NEW JERSEY,7753,USA,8,120.0,33,2015-09-19 00:00:00,40.226272,-74.093538,134753
"Murdo, SD",302 W 5th St,Murdo,SOUTH DAKOTA,57559,USA,4,120.0,691,2013-12-31 00:00:00,43.886915,-100.716887,1675
"Strasburg, VA",119 Hite Ln,Strasburg,VIRGINIA,22657,USA,6,150.0,204,2015-09-02 00:00:00,39.00496,-78.337836,84936
"Triadelphia, WV",35 Bob Wise Dr,Triadelphia,WEST VIRGINIA,26059,USA,4,150.0,397,2014-05-07 00:00:00,40.060757,-80.602874,2758
"Lone Pine, CA",701 S Main St,Lone Pine,CALIFORNIA,93545,USA,16,250.0,1137,2015-01-28 00:00:00,36.60059,-118.061916,1256646
"Leesburg - California Dr NE, VA",601 California Dr NE,Leesburg,VIRGINIA,20176,USA,8,250.0,108,2022-04-22 00:00:00,39.1029426,-77.525479,84936
"Cameron Park, CA",3501 Robin Lane,Cameron Park,CALIFORNIA,95682,USA,12,250.0,405,2023-05-12 00:00:00,38.655825,-120.965651,1256646
"Atlanta, GA",1380 Atlantic Dr,Atlanta,GEORGIA,30363,USA,30,250.0,268,2014-12-18 00:00:00,33.793808,-84.397203,92368
"West Springfield, MA",935 Riverdale St,West Springfield,MASSACHUSETTS,1089,USA,8,150.0,17,2015-02-14 00:00:00,42.130914,-72.621435,73768
"Eureka, CA","Bayshore Mall, 3300 Broadway St",Eureka,CALIFORNIA,95501,USA,8,150.0,6,2016-08-17 00:00:00,40.778885,-124.188383,1256646
"Laurel, MD",14700 Baltimore Ave,Laurel,MARYLAND,20707,USA,8,150.0,55,2016-09-23 00:00:00,39.095382,-76.858319,72139
"Culver City, CA",6000 Hannum Ave,Culver City,CALIFORNIA,90230,USA,16,150.0,13,2014-12-18 00:00:00,33.986779,-118.390213,1256646
"Naples, FL",499 Bayfront Place,Naples,FLORIDA,34102,USA,8,150.0,2,2017-02-23 00:00:00,26.14462,-81.788849,254878
"Harrisburg, PA",3915 Union Deposit Rd,Harrisburg,PENNSYLVANIA,17109,USA,8,150.0,145,2016-05-09 00:00:00,40.277134,-76.823255,70154
"Victor, NY",7979 Pittsford Victor Rd,Victor,NEW YORK,14564,USA,8,150.0,208,2017-06-01 00:00:00,43.028655,-77.440128,131250
"Syracuse, NY","439 Electronics Parkway,",Liverpool,NEW YORK,13088,USA,8,120.0,123,2015-04-16 00:00:00,43.102516,-76.187475,131250
"Darien - Northbound, CT",I-95 North after exit 12,Darien,CONNECTICUT,6820,USA,10,250.0,17,2013-06-19 00:00:00,41.080321,-73.461365,31557
"Grove City, OH",2221 Stringtown Rd,Grove City,OHIO,43123,USA,8,150.0,243,2015-01-16 00:00:00,39.877253,-83.063448,50393
"Utica, NY",50 Auert Ave,Utica,NEW YORK,13501,USA,8,150.0,128,2015-02-11 00:00:00,43.113878,-75.206857,131250
"Brattleboro, VT",499 Canal St,Brattleboro,VERMONT,5301,USA,16,250.0,129,2015-01-16 00:00:00,42.838443,-72.565798,7816
"New York JFK, NY",150th Ave and 147th St,Queens,NEW YORK,11430,USA,12,250.0,3,2013-12-23 00:00:00,40.66319,-73.793192,131250
"Princeton, WV",1000 Oakvale Rd,Princeton,WEST VIRGINIA,24740,USA,8,250.0,780,2022-01-25 00:00:00,37.364002,-81.052394,2758
"Grand Junction, CO",2420 U.S. 6,Grand Junction,COLORADO,81505,USA,6,120.0,1386,2014-01-10 00:00:00,39.090758,-108.604325,90083
"Hagerstown, MD",495 Premium Outlets Blvd,Hagerstown,MARYLAND,21740,USA,6,120.0,164,2014-01-23 00:00:00,39.605859,-77.733324,72139
"Cheyenne, WY",1400 Dell Range Blvd,Cheyenne,WYOMING,82009,USA,4,120.0,1859,2014-01-20 00:00:00,41.161085,-104.804955,1139
"Edison, NJ",199 Lafayette Ave,Edison,NEW JERSEY,8837,USA,8,120.0,30,2014-08-22 00:00:00,40.5448144,-74.333248,134753
"Albany, NY",131 Colonie Center,Albany,NEW YORK,12205,USA,6,120.0,88,2014-04-30 00:00:00,42.710356,-73.819109,131250
"Buffalo, NY",4455 Transit Rd,Buffalo,NEW YORK,14221,USA,8,120.0,213,2015-06-11 00:00:00,42.968673,-78.696128,131250
"Soldotna, AK",43540 Whistle Hill Loop,Soldotna,ALASKA,99669,USA,4,250.0,61,2021-11-18 00:00:00,60.494628,-151.045047,2697
"Elk Grove - 7119 Elk Grove Blvd, CA",7119 Elk Grove Blvd,Elk Grove,CALIFORNIA,95758,USA,12,250.0,10,2022-10-27 00:00:00,38.4099,-121.4181,1256646
"West Lebanon, NH",285 N Plainfield Rd #1,West Lebanon,NEW HAMPSHIRE,3784,USA,16,250.0,106,2015-07-17 00:00:00,43.623536,-72.3258949,9861
"Jim Thorpe - Northbound, PA",Pennsylvania Turnpike Milepost 86.1,Jim Thorpe,PENNSYLVANIA,18229,USA,8,250.0,497,2021-05-29 00:00:00,40.971484,-75.63068,70154
"Dublin - Amador Plaza, CA",6701 Amador Plaza Rd,Dublin,CALIFORNIA,94568,USA,16,150.0,103,2015-10-17 00:00:00,37.703183,-121.925327,1256646
"Plant City, FL",2705 Thonotosassa Rd,Plant City,FLORIDA,33563,USA,8,250.0,36,2022-03-24 00:00:00,28.026083,-82.151705,254878
"Breezewood, PA",16417 Lincoln Hwy,Breezewood,PENNSYLVANIA,15533,USA,8,150.0,395,2017-08-25 00:00:00,39.999842,-78.238697,70154
"Hamilton Township, NJ",425 Marketplace Blvd,Hamilton,NEW JERSEY,8691,USA,6,150.0,21,2014-04-22 00:00:00,40.195539,-74.641375,134753
"Grasonville, MD","Royal Farms, 108 Jackson Creek Rd",Grasonville,MARYLAND,21638,USA,12,150.0,2,2017-08-18 00:00:00,38.965706,-76.220905,72139
"Jim Thorpe - Southbound, PA",Pennsylvania Turnpike Milepost 86.1,Jim Thorpe,PENNSYLVANIA,18229,USA,8,250.0,497,2021-05-27 00:00:00,40.969331,-75.631379,70154
"Boston - Allstate Road, MA","8 Allstate Rd, 6th floor",Boston,MASSACHUSETTS,2118,USA,10,72.0,3,2017-12-03 00:00:00,42.325662,-71.063013,73768
"San Diego - Mira Mesa Blvd, CA",8251 Mira Mesa Blvd,San Diego,CALIFORNIA,92126,USA,16,250.0,130,2021-07-13 00:00:00,32.911707,-117.145653,1256646
"Madison - S Livingston, WI",722 East Main St,Madison,WISCONSIN,53703,USA,8,250.0,259,2021-11-05 00:00:00,43.080622,-89.375068,24943
"Erwin, NY",125 Victory Highway,Painted Post,NEW YORK,14870,USA,10,120.0,288,2017-07-25 00:00:00,42.170919,-77.107728,131250
"Menomonee Falls, WI",W124N8145 WI-145,Menomonee Falls,WISCONSIN,53051,USA,8,250.0,246,2021-11-23 00:00:00,43.16438,-88.065848,24943
"Glen Allen, VA",9860 Brook Rd,Glen Allen,VIRGINIA,23059,USA,20,150.0,49,2013-10-24 00:00:00,37.669832,-77.461419,84936
"Somerset - Eastbound Service Plaza, PA",327 Industrial Park Rd,Somerset,PENNSYLVANIA,15501,USA,8,250.0,708,2021-07-21 00:00:00,39.9995422,-79.0474265,70154
"Bensalem, PA",3620 Street Rd,Bensalem,PENNSYLVANIA,19020,USA,8,250.0,36,2020-05-19 00:00:00,40.124944,-74.963908,70154
"Clarksburg, NJ",548 Monmouth Rd,Millstone,NEW JERSEY,8510,USA,8,250.0,47,2020-12-15 00:00:00,40.15767,-74.430151,134753
"Guilderland, NY",1 Crossgates Mall Rd,Guilderland,NEW YORK,12203,USA,20,150.0,80,2017-08-16 00:00:00,42.688932,-73.853554,131250
"Odessa, FL",12048 FL-54,Odessa,FLORIDA,33556,USA,8,250.0,13,2022-12-08 00:00:00,28.190073,-82.616178,254878
"Harrisonburg, VA",533 University Blvd,Harrisonburg,VIRGINIA,22801,USA,8,250.0,432,2021-05-28 00:00:00,38.429826,-78.856029,84936
"Lake Grove, NY",313 Smith Haven Mall,Lake Grove,NEW YORK,11755,USA,8,250.0,28,2021-08-03 00:00:00,40.862269,-73.129075,131250
"Dublin, OH",6175 Sawmill Rd,Dublin,OHIO,43017,USA,10,150.0,277,2018-09-16 00:00:00,40.0930008,-83.0936558,50393
"Hollister, CA","Casa de Fruta, 10021 Pacheco Pass Hwy",Hollister,CALIFORNIA,95023,USA,20,150.0,83,2018-03-13 00:00:00,36.989869,-121.380535,1256646
"King George - Owens Drive, VA",17188 Owens Dr,King George,VIRGINIA,22485,USA,8,250.0,7,2021-03-18 00:00:00,38.353581,-77.048857,84936
"Hamden - Dixwell Avenue, CT",2100 Dixwell Ave,Hamden,CONNECTICUT,6514,USA,12,250.0,29,2021-03-18 00:00:00,41.369666,-72.919942,31557
"Cedar Rapids, IA",20 Wilson Ave SW,Cedar Rapids,IOWA,52404,USA,8,250.0,236,2022-04-28 00:00:00,41.9564935,-91.6579808,9031
"Mechanicsville, VA",7847 Compass Point Ln,Mechanicsville,VIRGINIA,23111,USA,8,250.0,56,2022-05-21 00:00:00,37.613437,-77.328344,84936
"Montgomery, AL",2576 Berryhill Rd,Montgomery,ALABAMA,36117,USA,12,250.0,74,2021-10-04 00:00:00,32.361192,-86.161314,13047
"Kernersville, NC",1551 Glenn Center Dr,Kernersville,NORTH CAROLINA,27284,USA,8,250.0,294,2022-04-01 00:00:00,36.069842,-80.112057,70164
"San Jose - Santana Row (Valet), CA",330 Winchester Blvd,San Jose,CALIFORNIA,95128,USA,10,72.0,41,2019-02-02 00:00:00,37.321459,-121.948969,1256646
"Sioux City - Southern Hills Dr, IA",4727 Southern Hills Dr,Sioux City,IOWA,51106,USA,8,250.0,385,2021-05-19 00:00:00,42.440787,-96.346112,9031
"Tustin, CA",15000-15190 Kensington Park Dr,Tustin,CALIFORNIA,92782,USA,8,250.0,15,2021-11-16 00:00:00,33.7123,-117.8163,1256646
"Philadelphia - Church St, PA",2501 Church St,Philadelphia,PENNSYLVANIA,19124,USA,8,250.0,6,2021-03-17 00:00:00,40.001987,-75.081547,70154
"Brooklyn - Brooklyn Museum, NY",878 Washington Ave,Brooklyn,NEW YORK,11225,USA,10,72.0,45,2018-09-29 00:00:00,40.670085,-73.962826,131250
"Fresno - North Riverside Drive, CA",5001 N Riverside Dr,Fresno,CALIFORNIA,93722,USA,12,250.0,91,2020-11-24 00:00:00,36.832164,-119.908341,1256646
"Rolling Meadows, IL",1301 Meijer Dr,Rolling Meadows,ILLINOIS,60008,USA,22,250.0,219,2017-10-18 00:00:00,42.049702,-87.994915,99573
"Laramie, WY",1673 Centennial Dr,Laramie,WYOMING,82070,USA,8,150.0,2180,2017-08-31 00:00:00,41.32512,-105.618117,1139
"Irvine - Culver Drive, CA",14346 Culver Dr,Irvine,CALIFORNIA,92604,USA,16,250.0,29,2021-04-17 00:00:00,33.706784,-117.785164,1256646
"Leeds, AL",6900 Buc-ee's Blvd,Leeds,ALABAMA,35094,USA,16,250.0,183,2022-03-18 00:00:00,33.543942,-86.588636,13047
"Exmore, VA",4317 Lankford Hwy,Exmore,VIRGINIA,23350,USA,4,250.0,11,2022-03-19 00:00:00,37.516011,-75.831544,84936
"Nashville - Charlotte Pike, TN",6814 Charlotte Pike,Nashville,TENNESSEE,37209,USA,12,250.0,150,2021-04-30 00:00:00,36.133938,-86.891832,33221
"Madison, GA",2012 Eatonton Rd,Madison,GEORGIA,30650,USA,8,250.0,202,2021-04-23 00:00:00,33.558083,-83.473861,92368
"Apopka, FL",1615 S Orange Blossom Trail,Apopka,FLORIDA,32703,USA,8,250.0,34,2022-04-25 00:00:00,28.6541,-81.4686,254878
"Monticello, MN",216 7th St W,Monticello,MINNESOTA,55362,USA,8,250.0,289,2022-10-04 00:00:00,45.3008,-93.7995,37050
"Medway, ME",1941 Medway Rd,Medway,MAINE,4460,USA,6,150.0,103,2019-10-17 00:00:00,45.609675,-68.522956,7377
"Swartz Creek, MI",4141 Morrish Rd,Swartz Creek,MICHIGAN,48473,USA,10,150.0,239,2020-01-28 00:00:00,42.96744,-83.828794,50284
"Plainview, NY",1528 Old Country Rd,Plainview,NEW YORK,11803,USA,6,120.0,52,2018-06-29 00:00:00,40.779989,-73.450258,131250
"Valley Stream, NY",23 Green Acres Rd W,Valley Stream,NEW YORK,11851,USA,16,72.0,3,2018-05-21 00:00:00,40.66402,-73.7251,131250
"Vancouver, WA",800 NE Tenney Rd,Vancouver,WASHINGTON,98685,USA,12,150.0,62,2018-02-13 00:00:00,45.721663,-122.663461,152101
"Wausau, WI",2101 N Mountain Rd,Wausau,WISCONSIN,54401,USA,8,150.0,362,2017-10-06 00:00:00,44.931202,-89.662213,24943
"Boston - Boylston Street, MA",800 Boylston St,Boston,MASSACHUSETTS,2199,USA,8,72.0,7,2017-09-11 00:00:00,42.34717,-71.081003,73768
"Muskegon, MI",5300 Harvey St,Muskegon,MICHIGAN,49444,USA,10,150.0,192,2018-02-27 00:00:00,43.155333,-86.202939,50284
"St. Charles - Beale St, MO",1650 Beale St,St. Charles,MISSOURI,63303,USA,12,72.0,156,2019-05-15 00:00:00,38.765655,-90.493552,26861
"New York - E 47th Street, NY",212 East 47th St,New York,NEW YORK,10017,USA,4,72.0,12,2018-04-24 00:00:00,40.753356,-73.971685,131250
"New York - Mott Street, NY",106 Mott St,New York,NEW YORK,10013-4600,USA,2,72.0,10,2018-02-21 00:00:00,40.717522,-73.997302,131250
"New York - W 75th Street, NY",201 W 75th St,New York,NEW YORK,10023-1704,USA,4,72.0,23,2018-04-24 00:00:00,40.780976,-73.980414,131250
"Detroit Lake, OR",210 D St,Detroit,OREGON,97342,USA,6,150.0,492,2013-12-23 00:00:00,44.737025,-122.152108,64361
"Giddings, TX",3025 E Austin St,Giddings,TEXAS,78942,USA,8,150.0,146,2019-10-20 00:00:00,30.178912,-96.907004,230125
"Aberdeen, WA",416 Wishkah St,Aberdeen,WASHINGTON,98520,USA,8,150.0,132,2016-12-22 00:00:00,46.976679,-123.813485,152101
"Sequim, WA",1441 E Washington St,Sequim,WASHINGTON,98382,USA,8,150.0,54,2017-07-05 00:00:00,48.071232,-123.074527,152101
"Huntington, WV",432 18th St W,Huntington,WEST VIRGINIA,25704,USA,8,150.0,168,2018-01-11 00:00:00,38.410941,-82.487122,2758
"Rawlins, WY",2370 E Cedar St,Rawlins,WYOMING,82301,USA,8,150.0,2042,2017-09-01 00:00:00,41.79082,-107.210272,1139
"Danbury, CT",7 Backus Ave,Danbury,CONNECTICUT,6810,USA,10,150.0,140,2018-05-15 00:00:00,41.379222,-73.477689,31557
"Somerset - Westbound Service Plaza, PA",179 N Plaza Access Rd,Somerset,PENNSYLVANIA,15501,USA,8,250.0,707,2021-05-24 00:00:00,39.999603,-79.043673,70154
"Fremont - 39201 Fremont Blvd, CA",39201 Fremont Blvd,Fremont,CALIFORNIA,94538,USA,12,150.0,16,2018-04-27 00:00:00,37.544506,-121.983822,1256646
"Chino Hills, CA",13920 City Center Dr,Chino Hills,CALIFORNIA,91709,USA,16,250.0,217,2021-07-21 00:00:00,34.002163,-117.731326,1256646
"Vallejo - Solano Ave, CA",2001-2155 Solano Ave,Vallejo,CALIFORNIA,94590,USA,20,250.0,11,2022-09-08 00:00:00,38.104444,-122.230234,1256646
"New York - 59 Allen Street, NY",59 Allen St,Lower Manhattan,NEW YORK,95123,USA,4,72.0,12,2018-07-25 00:00:00,40.717153,-73.991869,131250
"Jersey City, NJ",160 First St,Jersey City,NEW JERSEY,7302,USA,6,72.0,2,2018-02-13 00:00:00,40.721595,-74.040469,134753
"Claymont, DE",691 Naamans Rd,Claymont,DELAWARE,19703,USA,8,150.0,33,2018-06-06 00:00:00,39.817478,-75.457282,8435
"Athens, GA",1791 Oconee Connector,Athens,GEORGIA,30606,USA,10,150.0,224,2018-05-18 00:00:00,33.916675,-83.452965,92368
"Carmel, IN",1426 W Carmel Dr,Carmel,INDIANA,46032,USA,10,150.0,262,2018-06-21 00:00:00,39.97193,-86.152619,26101
"Daly City, CA",1 Serramonte Center,Daly City,CALIFORNIA,94015,USA,40,72.0,89,2018-10-05 00:00:00,37.673998,-122.472257,1256646
"Issaquah, WA",6100 E Lake Sammamish Pkwy SE,Issaquah,WASHINGTON,98029,USA,8,72.0,23,2018-10-20 00:00:00,47.548026,-122.040026,152101
"Buford, GA",1705 Mall of Georgia Blvd,Buford,GEORGIA,30519,USA,10,150.0,327,2018-11-06 00:00:00,34.061572,-83.994606,92368
"Pembroke Pines, FL",14916 Pines Blvd,Pembroke Pines,FLORIDA,33027,USA,16,150.0,1,2018-10-12 00:00:00,26.006948,-80.348953,254878
"Aventura, FL",19501 Biscayne Blvd,Aventura,FLORIDA,33180,USA,35,72.0,6,2018-05-17 00:00:00,25.956403,-80.143001,254878
"Fort Myers - Gulf Coast Main St, FL",9903 Gulf Coast Main St,Fort Myers,FLORIDA,33913,USA,12,250.0,6,2022-05-23 00:00:00,26.488531,-81.787028,254878
"Piedmont, SC",2401 River Rd,Piedmont,SOUTH CAROLINA,29673,USA,8,250.0,280,2022-03-10 00:00:00,34.757187,-82.474101,20873
"Hialeah, FL",18600 NW 87th Ave,Miami Gardens,FLORIDA,33015,USA,12,250.0,2,2022-06-17 00:00:00,25.942859,-80.344869,254878
"Downey - Stonewood St, CA",251 Stonewood St,Downey,CALIFORNIA,90241,USA,12,72.0,35,2018-06-30 00:00:00,33.934643,-118.12117,1256646
"Kennebunk - Northbound, ME",Maine Turnpike,Kennebunk,MAINE,4043,USA,8,150.0,29,2018-06-14 00:00:00,43.409493,-70.558551,7377
"Kennebunk - Southbound, ME",I-95 Service Plaza,Kennebunk,MAINE,4043,USA,8,150.0,33,2018-06-29 00:00:00,43.410693,-70.560923,7377
"East Palo Alto, CA",1775 E Bayshore Rd,East Palo Alto,CALIFORNIA,94303,USA,20,72.0,6,2018-07-02 00:00:00,37.459659,-122.137651,1256646
"Oxford, AL",550 Oxford Exchange Blvd,Oxford,ALABAMA,36203,USA,12,150.0,190,2017-10-15 00:00:00,33.610651,-85.782355,13047
"Islandia, NY",1750 Veterans Hwy,Islandia,NEW YORK,11749,USA,10,150.0,22,2018-08-11 00:00:00,40.805079,-73.180528,131250
"North Brunswick, NJ",301 Grand Ave,North Brunswick,NEW JERSEY,8902,USA,10,150.0,35,2018-07-19 00:00:00,40.439373,-74.504769,134753
"King of Prussia - South Henderson Rd, PA",310 S Henderson Rd,King of Prussia,PENNSYLVANIA,19406,USA,16,250.0,48,2021-05-21 00:00:00,40.092333,-75.359222,70154
"Federal Way, WA",1414 S 324th St,Federal Way,WASHINGTON,98003,USA,12,250.0,134,2021-03-23 00:00:00,47.314917,-122.315972,152101
"Brentwood, CA",2455 Sand Creek Rd,Brentwood,CALIFORNIA,94513,USA,16,250.0,41,2021-03-31 00:00:00,37.9466789,-121.7409128,1256646
"Fort Myers, FL",9357 6 Mile Cypress Pkwy,Fort Myers,FLORIDA,33966,USA,14,150.0,7,2018-07-02 00:00:00,26.608585,-81.809444,254878
"Bellevue, WA",10333 NE 1st St,Bellevue,WASHINGTON,98004,USA,8,72.0,28,2021-03-30 00:00:00,47.610717,-122.202226,152101
"Hannibal, MO",4215 McMasters Ave,Hannibal,MISSOURI,63401,USA,8,250.0,180,2021-05-14 00:00:00,39.718198,-91.392441,26861
"Augusta, GA",1069 Stevens Creek Rd,Augusta,GEORGIA,30907,USA,8,150.0,89,2016-06-12 00:00:00,33.515004,-82.044443,92368
"Fairmont, WV",1000 Fairmont Ave,Fairmont,WEST VIRGINIA,26554,USA,8,250.0,322,2022-04-08 00:00:00,39.471945,-80.153302,2758
"Hartford, CT",42 Asylum St,Hartford,CONNECTICUT,6103,USA,6,72.0,19,2018-05-09 00:00:00,41.766116,-72.673977,31557
"Steele, AL",905 Steele Station Rd,Steele,ALABAMA,35987,USA,8,150.0,171,2017-08-09 00:00:00,33.933824,-86.191611,13047
"Doylestown, PA",425 S Main St,Doylestown,PENNSYLVANIA,18901,USA,8,250.0,90,2021-03-26 00:00:00,40.300112,-75.127537,70154
"St. Augustine, FL","2700 State Road 16, Suite 200",St. Augustine,FLORIDA,32092,USA,6,120.0,14,2014-01-03 00:00:00,29.924286,-81.416018,254878
"Augusta, ME",13 Stephen King Dr,Augusta,MAINE,4330,USA,8,150.0,96,2015-12-04 00:00:00,44.34787,-69.786088,7377
"Cabazon - Morongo Trail, CA",49020 Seminole Dr,Cabazon,CALIFORNIA,92230,USA,12,250.0,608,2022-02-09 00:00:00,33.923726,-116.803246,1256646
"Waterloo, IA",1422 Flammang Dr,Waterloo,IOWA,50702,USA,8,250.0,265,2021-05-18 00:00:00,42.459333,-92.328806,9031
"Marion, IL",2603 The Hill Ave,Marion,ILLINOIS,62959,USA,8,250.0,141,2022-03-18 00:00:00,37.744427,-88.962303,99573
"St. Louis, MO",4565 McRee Ave,St. Louis,MISSOURI,63110,USA,12,250.0,148,2022-07-16 00:00:00,38.620823,-90.260954,26861
"Tracy - West Grant Line Rd, CA",2850 W Grant Line Rd,Tracy,CALIFORNIA,95304,USA,12,250.0,7,2022-04-21 00:00:00,37.753054,-121.467549,1256646
"Shelbyville, IN",1930 N Morristown Rd,Shelbyville,INDIANA,46176,USA,8,250.0,244,2022-06-17 00:00:00,39.5539,-85.7745,26101
"Langhorne, PA",607 E Lincoln Hwy,Langhorne,PENNSYLVANIA,19047,USA,8,250.0,33,2022-07-21 00:00:00,40.163345,-74.904428,70154
"Rochester, MN","Hy-Vee, 500 Crossroads Dr SW",Rochester,MINNESOTA,55902,USA,8,150.0,306,2017-10-21 00:00:00,44.006329,-92.470902,37050
"Wilmington, NC",1022 International Dr,Wilmington,NORTH CAROLINA,28405,USA,10,150.0,7,2017-05-16 00:00:00,34.240825,-77.829189,70164
"Sidney, NE",645 Cabela Dr,Sidney,NEBRASKA,69162,USA,8,150.0,1291,2017-05-10 00:00:00,41.115424,-102.949694,6920
"Jersey City - Mall Drive West, NJ",30 Mall Dr W,Jersey City,NEW JERSEY,7310,USA,20,72.0,3,2018-02-23 00:00:00,40.727327,-74.039344,134753
"West Nyack, NY",1920 Palisades Center Dr,West Nyack,NEW YORK,10994,USA,20,150.0,19,2019-07-16 00:00:00,41.094692,-73.955497,131250
"Seaside, OR",1111 North Roosevelt Dr,Seaside,OREGON,97138,USA,8,150.0,5,2016-07-01 00:00:00,46.00101,-123.91683,64361
"Chantilly, VA",25451 Lizzie Center Dr,South Riding,VIRGINIA,20152,USA,8,250.0,95,2020-07-15 00:00:00,38.9137222,-77.4869722,84936
"Italy, TX",1021 Dale Evans Dr,Italy,TEXAS,76651,USA,10,150.0,182,2017-09-25 00:00:00,32.194947,-96.89875,230125
"Pedricktown - John Fenwick, NJ","John Fenwick Travel Plaza, New Jersey Tpke Mile Marker 5.4",Pedricktown,NEW JERSEY,8067,USA,8,250.0,14,2021-03-30 00:00:00,39.696093,-75.395823,134753
"West Hollywood, CA",8775 Sunset Blvd,West Hollywood,CALIFORNIA,90069,USA,8,250.0,109,2022-09-02 00:00:00,34.091635,-118.382241,1256646
"Bay Shore, NY",838 Sunrise Hwy,Bay Shore,NEW YORK,11706,USA,12,250.0,11,2022-11-26 00:00:00,40.727358,-73.276843,131250
"Cambridge, MA",100 Cambridgeside Place,Cambridge,MASSACHUSETTS,2141,USA,8,72.0,1,2017-12-29 00:00:00,42.368483,-71.076189,73768
"Ann Arbor, MI",3145 Saline Rd,Ann Arbor,MICHIGAN,48108,USA,8,150.0,282,2015-08-20 00:00:00,42.240687,-83.766265,50284
"Arroyo Grande - W Branch Rd, CA",1160 W Branch St,Arroyo Grande,CALIFORNIA,93420,USA,8,250.0,56,2021-06-23 00:00:00,35.126833,-120.595972,1256646
"Santa Maria, CA",371 Town Center E,Santa Maria,CALIFORNIA,93454,USA,20,250.0,67,2022-05-18 00:00:00,34.952928,-120.434555,1256646
"Indianapolis, IN",5120 Victory Dr,Indianapolis,INDIANA,46203,USA,8,150.0,253,2014-10-30 00:00:00,39.702444,-86.079687,26101
"Columbus, GA",1591 Bradley Park Dr,Columbus,GEORGIA,31904,USA,12,250.0,129,2021-04-20 00:00:00,32.533485,-84.971362,92368
"D'Iberville, MS",3586 Sangani Blvd,D'Iberville,MISSISSIPPI,39540,USA,12,250.0,3,2021-04-06 00:00:00,30.459066,-88.893288,3590
"Sherman Oaks - Ventura Blvd, CA",15301 Ventura Blvd,Sherman Oaks,CALIFORNIA,91403,USA,40,250.0,212,2022-12-13 00:00:00,34.156902,-118.467539,1256646
"Union, NJ",1750 Route 22 East,Union,NEW JERSEY,7083,USA,12,250.0,19,2023-03-21 00:00:00,40.695914,-74.254049,134753
"Pedricktown - Clara Barton, NJ",Clara Barton Service Area,Pedricktown,NEW JERSEY,8067,USA,8,250.0,13,2021-04-06 00:00:00,39.697702,-75.39773,134753
"Oakhurst, CA",Comfort Inn 40489 CA-41,Oakhurst,CALIFORNIA,93644,USA,8,250.0,723,2022-02-03 00:00:00,37.333611,-119.645191,1256646
"Moab, UT",16 South Main St,Moab,UTAH,84511,USA,4,120.0,1224,2014-01-22 00:00:00,38.573122,-109.552368,39998
"Venice, FL",370 Commercial Ct,Venice,FLORIDA,34292,USA,8,250.0,4,2022-02-14 00:00:00,27.107859,-82.385275,254878
"Walcott, IA",755 W Iowa 80 Rd,Walcott,IOWA,52773,USA,8,250.0,234,2022-03-18 00:00:00,41.619789,-90.782433,9031
"Hamilton - Woodrow Wilson, NJ",Woodrow Wilson Service Area,Hamilton Township,NEW JERSEY,8620,USA,8,250.0,29,2022-07-16 00:00:00,40.175932,-74.630183,134753
"Chipley, FL",1698 Main St,Chipley,FLORIDA,32428,USA,8,250.0,43,2023-04-19 00:00:00,30.751833,-85.551682,254878
"Cottondale, AL",6400 Interstate Dr,Cottondale,ALABAMA,35453,USA,8,250.0,91,2022-02-18 00:00:00,33.175259,-87.449694,13047
"Lexington - E Nelson St, VA",600 E Nelson Street,Lexington,VIRGINIA,24450,USA,8,250.0,316,2023-03-27 00:00:00,37.778564,-79.434062,84936
"Kearney, NE",815 2nd Ave E,Kearney,NEBRASKA,68847,USA,8,250.0,654,2022-07-26 00:00:00,40.6822,-99.0834,6920
"Ruston, LA",1401 Eagle Dr,Ruston,LOUISIANA,71270,USA,8,250.0,87,2022-08-12 00:00:00,32.542727,-92.62574,8150
"Chattanooga - Hamilton Place Blvd, TN",2100 Hamilton Pl Blvd 1,Chattanooga,TENNESSEE,37421,USA,12,250.0,225,2022-09-02 00:00:00,35.036667,-85.16009,33221
"Pasadena - 3363 E Foothill Blvd, CA",3363 East Foothill Blvd,Pasadena,CALIFORNIA,91107,USA,20,250.0,224,2022-10-05 00:00:00,34.153571,-118.081718,1256646
"Aiea, HI",98-1005 Moanalua Rd,Aiea,HAWAII,96701,USA,6,250.0,19,2021-12-23 00:00:00,21.385583,-157.941632,25565
"Covington, LA",69320 LA-21,Covington,LOUISIANA,70433,USA,12,250.0,6,2022-10-27 00:00:00,30.443505,-90.141137,8150
"Morgantown, WV",21 Asturias Lane,Morgantown,WEST VIRGINIA,26508,USA,8,150.0,401,2017-09-10 00:00:00,39.579175,-79.953493,2758
"Red Hook, NY",35 Hannaford Dr,Red Hook,NEW YORK,12571,USA,8,250.0,71,2022-04-07 00:00:00,41.979518,-73.88216,131250
"Pacific Palisades, CA",1038 N Swarthmore Ave,Pacific Palisades,CALIFORNIA,90272,USA,8,250.0,100,2022-04-02 00:00:00,34.047878,-118.524987,1256646
"Fort Mill, SC",3725 Avenue of the Carolinas,Fort Mill,SOUTH CAROLINA,29708,USA,12,250.0,191,2022-05-20 00:00:00,35.0964,-80.9359,20873
"Westminster, CO",7450 Federal Blvd,Westminster,COLORADO,80030,USA,8,250.0,1629,2022-07-26 00:00:00,39.832103,-105.023901,90083
"San Gabriel, CA",140 W Valley Blvd,San Gabriel,CALIFORNIA,91776,USA,20,250.0,102,2021-08-05 00:00:00,34.077694,-118.100109,1256646
"Lodi, NJ",150 Essex St,Lodi,NEW JERSEY,7644,USA,8,250.0,13,2021-09-04 00:00:00,40.89146,-74.07267,134753
"San Marcos, CA",573 Grand Ave,San Marcos,CALIFORNIA,92078,USA,20,250.0,170,2021-08-18 00:00:00,33.13658,-117.176119,1256646
"Speedway, IN",6311 Crawfordsville Rd,Indianapolis,INDIANA,46224,USA,8,250.0,226,2021-05-28 00:00:00,39.80066,-86.270482,26101
"Middletown, DE",5018 Summit Bridge Rd,Middletown,DELAWARE,19709,USA,8,250.0,20,2021-04-22 00:00:00,39.47951,-75.722099,8435
"Dwight, IL",100 Watters Dr,Dwight,ILLINOIS,60420,USA,8,250.0,193,2021-10-03 00:00:00,41.093395,-88.442109,99573
"Cranford, NJ",370 N Ave E,Cranford,NEW JERSEY,7016,USA,12,250.0,24,2022-06-22 00:00:00,40.658207,-74.287872,134753
"Charlton - Eastbound, MA",6 Massachusetts Turnpike,Charlton,MASSACHUSETTS,1507,USA,8,250.0,234,2021-06-15 00:00:00,42.139201,-72.025772,73768
"Diamond Bar, CA",2785 S Diamond Bar Blvd,Diamond Bar,CALIFORNIA,91765,USA,24,250.0,219,2021-12-04 00:00:00,33.97577,-117.838484,1256646
"Columbia - W Broadway, MO",3100 W Broadway,Columbia,MISSOURI,65203,USA,12,250.0,223,2021-12-23 00:00:00,38.954387,-92.383074,26861
"Auburn, CA",13431 Bowman Rd,Auburn,CALIFORNIA,95603,USA,12,250.0,482,2022-02-03 00:00:00,38.926253,-121.058008,1256646
"Doral, FL",3300 NW 87th Ave,Doral,FLORIDA,33172,USA,8,250.0,1,2021-12-27 00:00:00,25.80622,-80.337826,254878
"Tampa - N Dale Mabry Hwy, FL",401 N Dale Mabry Hwy,Tampa,FLORIDA,33609,USA,8,250.0,7,2022-03-31 00:00:00,27.949242,-82.504944,254878
"San Bruno - El Camino Real, CA",1150 El Camino Real,San Bruno,CALIFORNIA,94066,USA,28,250.0,18,2022-01-29 00:00:00,37.636105,-122.420515,1256646
"Malta, NY",2951 State Hwy 9,Ballston Spa,NEW YORK,12020,USA,8,250.0,79,2021-11-21 00:00:00,43.0262,-73.792,131250
"Alturas, CA",1200 W 12th St,Alturas,CALIFORNIA,96101,USA,8,250.0,1335,2021-05-22 00:00:00,41.495424,-120.55978,1256646
"Rolling Prairie - S Knute Rockne Plaza, IN",3 S Knute Rockne Plaza,Rolling Prairie,INDIANA,46371,USA,8,250.0,256,2021-05-26 00:00:00,41.705116,-86.621519,26101
"Rolling Prairie - Wilbur Shaw Travel Plaza, IN",7 N Wilbur Shaw Plaza,Rolling Prairie,INDIANA,46371,USA,8,250.0,256,2021-05-26 00:00:00,41.707691,-86.623162,26101
"Liberty, MO",109 Blue Jay Dr,Liberty,MISSOURI,64068,USA,8,250.0,263,2021-10-19 00:00:00,39.245809,-94.448108,26861
"West Palm Beach - Palm Beach Outlets, FL",1801 Palm Beach Lakes Blvd,West Palm Beach,FLORIDA,33401,USA,8,250.0,5,2021-07-21 00:00:00,26.72622,-80.0875,254878
"Benton Harbor, MI",1920 Pipestone Rd,Benton Harbor,MICHIGAN,49022,USA,12,250.0,195,2021-07-31 00:00:00,42.082115,-86.423841,50284
"New Paltz, NY",271 Main St,New Paltz,NEW YORK,12561,USA,8,250.0,113,2021-09-25 00:00:00,41.743731,-74.070122,131250
"Sonoma, CA",276 E Napa St,Sonoma,CALIFORNIA,95476,USA,8,250.0,29,2021-10-16 00:00:00,38.29179,-122.452126,1256646
"Houston - Hempstead Rd (SC), TX",19820 Hempstead Road,Houston,TEXAS,77065,USA,16,250.0,39,2022-06-29 00:00:00,29.912978,-95.615944,230125
"Topeka - Topeka Service Area, KS",8000 I-70,Topeka,KANSAS,66608,USA,8,250.0,344,2022-09-02 00:00:00,39.0195,-95.508,11271
"Lawrence - Lawrence Service Plaza, KS",209 Kansas Turnpike,Lawrence,KANSAS,66044,USA,12,250.0,281,2022-07-14 00:00:00,39.0205,-95.1348,11271
"Howe - Gene Stratton Travel Plaza, IN",Gene Stratton Porter Travel Plaza Eastbound,Howe,INDIANA,46746,USA,8,250.0,280,2021-05-28 00:00:00,41.744917,-85.330167,26101
"Howe - Ernie Pyle Travel Plaza, IN",Ernie Pyle Travel Plaza Westbound,Howe,INDIANA,46746,USA,8,250.0,279,2021-05-28 00:00:00,41.747139,-85.32775,26101
"Durham, NC",Sayward Drive,Durham,NORTH CAROLINA,27707,USA,12,250.0,101,2021-06-15 00:00:00,35.953056,-78.991056,70164
"Commerce, CA",100 Citadel Dr,Commerce,CALIFORNIA,90040,USA,20,250.0,48,2021-07-13 00:00:00,34.006382,-118.148878,1256646
"Jacksonville, NC",1105 Gum Branch Rd,Jacksonville,NORTH CAROLINA,28540,USA,8,250.0,10,2022-07-27 00:00:00,34.776774,-77.414566,70164
"Orland Park, IL",14225 95th Ave,Orland Park,ILLINOIS,60492,USA,12,250.0,215,2022-12-22 00:00:00,41.632333,-87.850228,99573
"Crossville - Genesis Rd, TN",2045 Genesis Rd,Crossville,TENNESSEE,38555,USA,16,250.0,546,2023-02-04 00:00:00,35.979515,-85.015308,33221
"Madisonville, TX",205 IH 45,Madisonville,TEXAS,77864,USA,24,250.0,95,2022-06-28 00:00:00,30.966229,-95.880841,230125
"Chevy Chase, MD",8525 Chevy Chase Lake Terrace,Chevy Chase,MARYLAND,20815,USA,12,250.0,79,2022-07-05 00:00:00,38.996112,-77.075633,72139
"El Dorado - Towanda Service Plaza, KS",Mile 65 Kansas Turnpike,Towanda,KANSAS,67144,USA,8,250.0,412,2022-09-02 00:00:00,37.765506,-96.982618,11271
"North Branch, MN",5842 Main St,North Branch,MINNESOTA,55056,USA,8,250.0,272,2022-10-05 00:00:00,45.510887,-92.990596,37050
"Salt Lake City - S State St, UT",2312 S State St,South Salt Lake City,UTAH,84115,USA,10,150.0,1297,2015-03-06 00:00:00,40.720353,-111.888706,39998
"Benson, NC",100 Water Pl Landing,Benson,NORTH CAROLINA,27504,USA,8,250.0,73,2022-05-07 00:00:00,35.374508,-78.541871,70164
"Salt Lake City (SC), UT",1038 S 300 W,Salt Lake City,UTAH,84101,USA,4,72.0,1290,2020-11-25 00:00:00,40.746393,-111.900534,39998
"Syosset - Jericho Tpke, NY",267 Jericho Tpke,Syosset,NEW YORK,11791,USA,8,250.0,65,2022-09-11 00:00:00,40.8109,-73.5054,131250
"San Diego - Truxtun Rd, CA",Truxtun Rd,San Diego,CALIFORNIA,92106,USA,12,250.0,6,2022-05-06 00:00:00,32.737743,-117.217061,1256646
"Amarillo - E Interstate 40, TX",8507 I-40,Amarillo,TEXAS,79118,USA,12,250.0,1090,2022-06-24 00:00:00,35.194253,-101.743828,230125
"Harrisburg, OR","32900 Diamond Hill Rd,",Harrisburg,OREGON,97446,USA,8,250.0,99,2022-05-27 00:00:00,44.27972,-123.063083,64361
"Robertsdale, AL",20403 Co Rd 68,Robertsdale,ALABAMA,36567,USA,16,250.0,53,2022-04-23 00:00:00,30.633696,-87.677561,13047
"Mill Hall, PA",5477 Nittany Valley Dr,Mill Hall,PENNSYLVANIA,17751,USA,12,250.0,262,2022-07-16 00:00:00,41.0251,-77.5243,70154
"Soledad - H Dela Rosa St, CA",3070 H Dela Rosa Sr St,Soledad,CALIFORNIA,93960,USA,7,250.0,61,2022-06-26 00:00:00,36.4162019,-121.320846,1256646
"Harlingen, TX",6710 W Expy 83,Harlingen,TEXAS,78552,USA,12,250.0,14,2022-08-12 00:00:00,26.1877,-97.7563,230125
"Marinette, WI",2301 Roosevelt Rd,Marinette,WISCONSIN,54143,USA,8,250.0,186,2022-07-30 00:00:00,45.0801,-87.6621,24943
"Pigeon Forge, TN",2655 Teaster Ln,Pigeon Forge,TENNESSEE,37863,USA,12,250.0,307,2021-06-28 00:00:00,35.806348,-83.572721,33221
"Asheville, NC",800 Brevard Rd,Asheville,NORTH CAROLINA,28806,USA,12,250.0,662,2015-12-16 00:00:00,35.531391,-82.604487,70164
"Fair Play, SC",272 Herring Rd,Fair Play,SOUTH CAROLINA,29643,USA,12,250.0,237,2021-07-02 00:00:00,34.504955,-82.965706,20873
"Turlock, CA",1684 Countryside Dr,Turlock,CALIFORNIA,95380,USA,16,250.0,31,2022-08-23 00:00:00,37.508786,-120.876109,1256646
"Twinsburg, OH",2495 E Aurora Rd,Twinsburg,OHIO,44087,USA,7,250.0,314,2022-02-07 00:00:00,41.311733,-81.449531,50393
"Houston - W Alabama St, TX",1701 W Alabama St,Houston,TEXAS,77098,USA,8,250.0,15,2022-05-09 00:00:00,29.736538,-95.402318,230125
"Abingdon - Woodsdale Rd, MD",3500 Woodsdale Rd,Abingdon,MARYLAND,21009,USA,8,250.0,50,2021-11-13 00:00:00,39.46561,-76.311042,72139
"Temecula - Temecula Pkwy, CA",30515 Temecula Pkwy,Temecula,CALIFORNIA,92592,USA,8,250.0,308,2021-07-09 00:00:00,33.475122,-117.129563,1256646
"City of Industry - Gale Ave, CA",18558 Gale Ave,City of Industry,CALIFORNIA,91748,USA,20,250.0,135,2021-07-03 00:00:00,33.994605,-117.899677,1256646
"Concordia, MO",101 N Main St,Concordia,MISSOURI,64020,USA,8,250.0,232,2021-06-11 00:00:00,38.989771,-93.566975,26861
"Kyle, TX",151 Evans Drive,Kyle,TEXAS,78640,USA,16,250.0,222,2021-08-08 00:00:00,30.013004,-97.862665,230125
"Susanville, CA",900 Skyline Rd,Susanville,CALIFORNIA,96130,USA,8,250.0,1306,2021-09-29 00:00:00,40.430902,-120.657897,1256646
"Brentwood, MO",1 Brentwood Promenade Ct,Brentwood,MISSOURI,63144,USA,12,250.0,143,2021-09-30 00:00:00,38.626722,-90.344139,26861
"San Leandro, CA",1201 Marina Blvd,San Leandro,CALIFORNIA,94577,USA,12,250.0,10,2022-09-16 00:00:00,37.709813,-122.164607,1256646
"Austin - Frontage Rd, TX",9500 S IH Frontage Rd,Austin,TEXAS,78748,USA,12,250.0,194,2021-12-10 00:00:00,30.16287,-97.792063,230125
"Craig, CO",700 E Victory Way,Craig,COLORADO,81625,USA,8,250.0,1886,2021-02-12 00:00:00,40.513995,-107.538785,90083
"Chowchilla, CA",1225 East Robertson Blvd,Chowchilla,CALIFORNIA,93610,USA,12,250.0,75,2023-04-27 00:00:00,37.126287,-120.247428,1256646
"Kettleman City - Bernard Dr, CA",Bernard Dr,Kettleman City,CALIFORNIA,93239,USA,55,250.0,104,2021-11-21 00:00:00,35.9861622,-119.957565,1256646
"East Hampton, NY",8 Osborne Ln,East Hampton,NEW YORK,11937,USA,12,250.0,14,2022-03-27 00:00:00,40.965501,-72.189633,131250
"San Diego - Carmel Mountain Rd, CA",4639 Carmel Mountain Rd,San Diego,CALIFORNIA,92130,USA,24,250.0,94,2022-05-10 00:00:00,32.920824,-117.21491,1256646
"San Diego - Mission Center Rd, CA",5694 Mission Center Rd,San Diego,CALIFORNIA,92108,USA,10,250.0,21,2022-06-10 00:00:00,32.776392,-117.155136,1256646
"Oxford, NC",1015 Lewis St,Oxford,NORTH CAROLINA,27565,USA,12,250.0,138,2022-04-12 00:00:00,36.2803,-78.6047,70164
"Mt. Shasta - 111 Morgan Way, CA",111 Morgan Way,Mt. Shasta,CALIFORNIA,96067,USA,4,125.0,1066,2013-10-23 00:00:00,41.310233,-122.317278,1256646
"Bristol, VA",2415 Lee Highway,Bristol,VIRGINIA,24202,USA,8,250.0,556,2021-06-19 00:00:00,36.628538,-82.148888,84936
"Siler City, NC",1605 E 11th St,Siler City,NORTH CAROLINA,27344,USA,8,250.0,174,2021-06-24 00:00:00,35.73499,-79.442016,70164
"South Boston - Philpott Rd, VA",1007 Philpott Rd,South Boston,VIRGINIA,24592,USA,4,250.0,101,2021-07-29 00:00:00,36.68665,-78.900855,84936
"Perry, FL",2717 South Byron Butler Parkway,Perry,FLORIDA,32348,USA,8,250.0,13,2021-07-04 00:00:00,30.086266,-83.571338,254878
"Brea, CA",250 Brea Mall,Brea,CALIFORNIA,92821,USA,20,250.0,102,2021-06-28 00:00:00,33.914491,-117.883662,1256646
"Columbia, NJ",19 Simpson Rd,Columbia,NEW JERSEY,7832,USA,8,250.0,96,2021-11-16 00:00:00,40.933846,-75.100997,134753
"Elgin, IL",815 S Randall Rd,Elgin,ILLINOIS,60123,USA,12,250.0,253,2022-10-19 00:00:00,42.012497,-88.335638,99573
"Morrow, GA",1000 Southlake Cir,Morrow,GEORGIA,30260,USA,24,250.0,258,2023-04-08 00:00:00,33.5769,-84.354123,92368
"Tyngsborough, MA",440 Middlesex Rd,Tyngsborough,MASSACHUSETTS,1879,USA,12,250.0,46,2022-08-24 00:00:00,42.697265,-71.43988,73768
"Buena Park - Beach Blvd, CA",6911 Brenner Ave,Buena Park,CALIFORNIA,90621,USA,24,72.0,23,2020-06-17 00:00:00,33.86044,-117.996347,1256646
"Bel Air, MD",601 Hoagie Dr,Bel Air,MARYLAND,21014,USA,8,250.0,139,2022-02-09 00:00:00,39.568667,-76.353746,72139
"Punta Gorda, FL",26415 Indian Trail Dr,Punta Gorda,FLORIDA,33950,USA,8,250.0,5,2022-03-08 00:00:00,26.89569,-82.011268,254878
"Carlton, MN",1785 MN-210,Carlton,MINNESOTA,55718,USA,8,250.0,349,2021-08-23 00:00:00,46.664849,-92.477676,37050
"Old Bridge, NJ",1453 NJ-18,Old Bridge,NEW JERSEY,8857,USA,8,250.0,11,2022-03-23 00:00:00,40.39113,-74.340201,134753
"Woodstock, VA",111 W Reservoir Rd,Woodstock,VIRGINIA,22664,USA,8,250.0,251,2021-06-25 00:00:00,38.866754,-78.5192,84936
"South Barrington, IL",100 W Higgins Rd,South Barrington,ILLINOIS,60010,USA,12,250.0,256,2022-09-22 00:00:00,42.0748,-88.1868,99573
"Bloomington, MN",2555 W 79th St,Bloomington,MINNESOTA,55431,USA,16,250.0,254,2022-09-22 00:00:00,44.861,-93.3124,37050
"Maple Grove, MN",15300 Grove Cir N,Maple Grove,MINNESOTA,55369,USA,12,250.0,280,2022-10-06 00:00:00,45.135263,-93.474392,37050
"San Diego - University Center Lane, CA",8970 University Center Ln,San Diego,CALIFORNIA,92122,USA,7,72.0,98,2021-06-10 00:00:00,32.870556,-117.224664,1256646
"Cape Girardeau, MO",2505 Veterans Memorial Dr,Cape Girardeau,MISSOURI,63701,USA,8,250.0,170,2022-03-17 00:00:00,37.348729,-89.598272,26861
"McDonough, GA","South Point Shopping Center, 1380 GA-20 West",McDonough,GEORGIA,30253,USA,12,250.0,267,2021-07-09 00:00:00,33.425818,-84.18787,92368
"Carlsbad - Paseo Del Norte, CA",5620 Paseo Del Norte,Carlsbad,CALIFORNIA,92008,USA,16,250.0,23,2021-08-18 00:00:00,33.124351,-117.31912,1256646
"Kingston, NY",640 Washington Ave,Kingston,NEW YORK,12401,USA,8,120.0,47,2016-10-18 00:00:00,41.941916,-74.027208,131250
"Beaumont - Walden Rd, TX",5780 Walden Rd,Beaumont,TEXAS,77707,USA,12,250.0,5,2022-09-09 00:00:00,30.039029,-94.160606,230125
"Central Valley, NY",498 Red Apple Ct,Central Valley,NEW YORK,10917,USA,12,250.0,164,2023-03-28 00:00:00,41.313222,-74.125034,131250
"Round Rock, TX",110 N Interstate Hwy 35,Round Rock,TEXAS,78681,USA,16,250.0,226,2021-10-29 00:00:00,30.509711,-97.687749,230125
"Dublin, GA","2180 Us Hwy 441 South, GA-404",Dublin,GEORGIA,31021,USA,12,250.0,86,2022-09-29 00:00:00,32.490203,-82.93261,92368
"Farmington - Hannaford Dr, ME",131 Hannaford Drive,Farmington,MAINE,4938,USA,8,250.0,115,2021-06-25 00:00:00,44.65037,-70.150196,7377
"Winchester, VA",1683 Berryville Pike,Winchester,VIRGINIA,22602,USA,8,250.0,204,2021-10-21 00:00:00,39.1881397,-78.1257883,84936
"Triadelphia - Gantzer Ridge Rd, WV",25 Gantzer Ridge Rd,Triadelphia,WEST VIRGINIA,26059,USA,8,250.0,389,2021-09-18 00:00:00,40.060289,-80.588981,2758
"Sarasota - Clark Rd, FL",5321 Clark Rd,Sarasota,FLORIDA,34233,USA,8,250.0,11,2022-06-02 00:00:00,27.270298,-82.462865,254878
"Nevada, MO",500 E Austin Blvd,Nevada,MISSOURI,64772,USA,8,250.0,263,2021-10-21 00:00:00,37.83677,-94.351404,26861
"Bemidji, MN",2000 Paul Bunyan Dr NW,Bemidji,MINNESOTA,56601,USA,8,250.0,426,2021-07-31 00:00:00,47.492201,-94.907057,37050
"Bartonsville, PA",65 PA-611,Bartonsville,PENNSYLVANIA,18321,USA,8,250.0,237,2021-08-24 00:00:00,41.001772,-75.273151,70154
"Crossville, TN",2444 Genesis Rd,Crossville,TENNESSEE,38571,USA,8,250.0,548,2021-10-16 00:00:00,35.985369,-85.010956,33221
"West Palm Beach - Florida Turnpike Service Plaza, FL",9450 Floridas Tpke,Wellington,FLORIDA,33414,USA,8,250.0,8,2021-12-01 00:00:00,26.635504,-80.174903,254878
"Portage - Westnedge Ave, MI",5121 S Westnedge Ave,Portage,MICHIGAN,49002,USA,8,250.0,260,2021-07-02 00:00:00,42.244,-85.587575,50284
"Cedar Park, TX",1001 E. Whitestone Blvd,Cedar Park,TEXAS,78613,USA,12,250.0,284,2021-12-18 00:00:00,30.525402,-97.819337,230125
"Laurel - Van Dusen Rd, MD",6901 Van Dusen Rd,Laurel,MARYLAND,20707,USA,6,250.0,88,2021-12-14 00:00:00,39.081527,-76.888961,72139
"Cincinnati, OH",4825 Marburg Ave,Cincinnati,OHIO,45209,USA,10,150.0,183,2018-12-23 00:00:00,39.162833,-84.426528,50393
"Los Angeles - Alameda St, CA",777 Alameda St,Los Angeles,CALIFORNIA,90021,USA,16,72.0,74,2020-09-17 00:00:00,34.033502,-118.240852,1256646
"Hauppauge - Motor Pkwy, NY",694 Motor Pkwy,Hauppauge,NEW YORK,11788,USA,8,250.0,38,2021-09-25 00:00:00,40.806913,-73.238313,131250
"Pompano Beach - Florida Turnpike Service Plaza, FL",MM 65 Florida's Turnpike,Pompano Beach,FLORIDA,33069,USA,8,250.0,5,2021-10-10 00:00:00,26.226546,-80.182431,254878
"Mountain Village - Mountain Village Blvd, CO",455 Mountain Village Blvd,Mountain Village,COLORADO,81435,USA,8,250.0,2903,2021-11-11 00:00:00,37.933428,-107.854146,90083
"Mountain Brook, AL",1000 Jemison Lane,Mountain Brook,ALABAMA,35223,USA,8,250.0,205,2021-11-25 00:00:00,33.486691,-86.772681,13047
"New Castle, DE",4000 N Dupont Hwy,New Castle,DELAWARE,19720,USA,8,250.0,15,2021-09-25 00:00:00,39.709271,-75.562365,8435
"Meredith, NH",81 NH-25,Meredith,NEW HAMPSHIRE,3253,USA,6,250.0,158,2022-06-30 00:00:00,43.66114,-71.493944,9861
"Union City, CA",34536 Alvarado Niles Rd,Union City,CALIFORNIA,94587,USA,12,250.0,13,2022-02-14 00:00:00,37.587128,-122.020442,1256646
"Austin - FM 969, TX",12200 FM 969,Austin,TEXAS,78724,USA,12,250.0,138,2022-01-20 00:00:00,30.254984,-97.605605,230125
"Rancho Cucamonga - Foothill Blvd, CA",12750 Foothill Blvd,Rancho Cucamonga,CALIFORNIA,91739,USA,8,250.0,368,2021-09-22 00:00:00,34.106627,-117.527064,1256646
"Roslyn Heights - Willis Ave, NY",373 Willis Ave,Roslyn Heights,NEW YORK,11577,USA,8,250.0,38,2021-07-27 00:00:00,40.77956,-73.651063,131250
"Liberty Lake (SC), WA",1805 N Pepper Ln,Liberty Lake,WASHINGTON,99019,USA,12,250.0,627,2022-03-29 00:00:00,47.673313,-117.113505,152101
"Culver City - 11924 Washington Blvd, CA",11924 Washington Blvd,Los Angeles,CALIFORNIA,90066,USA,8,250.0,17,2022-02-17 00:00:00,33.997487,-118.421155,1256646
"Orlando - Palm Pkwy, FL",8462 Palm Pkwy,Orlando,FLORIDA,32836,USA,8,250.0,34,2021-12-30 00:00:00,28.3848995,-81.5011005,254878
"Jacksonville - Wilson Blvd, FL",6787 Wilson Blvd,Jacksonville,FLORIDA,32210,USA,8,250.0,11,2022-05-26 00:00:00,30.270331,-81.756107,254878
"Hudson, NY",5805 NY-9G,Hudson,NEW YORK,12534,USA,8,250.0,70,2022-01-26 00:00:00,42.22314,-73.826845,131250
"Yuma - S Fortuna Rd, AZ",11235 S Fortuna Rd,Yuma,ARIZONA,85367,USA,16,250.0,86,2022-10-24 00:00:00,32.668143,-114.443438,89798
"Denver - Pontiac St, CO",44 N Pontiac St,Denver,COLORADO,80224,USA,16,250.0,1646,2021-10-05 00:00:00,39.717869,-104.9057064,90083
"Boca Raton, FL",6000 Glades Rd,Boca Raton,FLORIDA,33431,USA,12,250.0,5,2022-12-09 00:00:00,26.36496,-80.133209,254878
"Cordele, GA",1011 16th Ave E,Cordele,GEORGIA,31015,USA,11,250.0,103,2021-08-27 00:00:00,31.963626,-83.766165,92368
"Austin - 5601 Brodie Ln, TX",5601 Brodie Ln,Austin,TEXAS,78745,USA,8,250.0,217,2022-05-12 00:00:00,30.226235,-97.821991,230125
"Menomonie, WI",207 Pine Ave E W,Menomonie,WISCONSIN,54751,USA,8,250.0,270,2021-11-15 00:00:00,44.901325,-91.933569,24943
"Marina, CA",145 General Stillwell Dr,Marina,CALIFORNIA,93933,USA,12,250.0,24,2021-11-17 00:00:00,36.666436,-121.810168,1256646
"Cutler Bay, FL",11101 SW 184th St,Cutler Bay,FLORIDA,33157,USA,8,250.0,3,2021-10-30 00:00:00,25.598305,-80.37199,254878
"Mansfield, PA",85 West Wellsboro Street,Mansfield,PENNSYLVANIA,16933,USA,4,250.0,349,2021-08-07 00:00:00,41.8049603,-77.08515356,70154
"Chicopee, MA",650 Memorial Dr,Chicopee,MASSACHUSETTS,1020,USA,12,250.0,69,2021-10-26 00:00:00,42.174804,-72.578159,73768
"Franklin, MA",250 Franklin Village Drive,Franklin,MASSACHUSETTS,2038,USA,12,250.0,82,2021-12-13 00:00:00,42.090329,-71.424835,73768
"Adairsville, GA",7867 Adairsville Hwy,Adairsville,GEORGIA,30103,USA,8,250.0,231,2021-08-17 00:00:00,34.377883,-84.915729,92368
"Knoxville - Brookview Centre Way, TN",250 Brookview Centre Way,Knoxville,TENNESSEE,37919,USA,8,250.0,272,2021-09-22 00:00:00,35.935852,-84.004146,33221
"Beaver Dam, KY",675 Western Kentucky Pkwy,Beaver Dam,KENTUCKY,42320,USA,8,250.0,131,2021-10-20 00:00:00,37.377254,-86.82612,11617
"Morgantown - Earl L Core Rd, WV",1901 Earl L Core Rd,Morgantown,WEST VIRGINIA,26505,USA,8,250.0,261,2021-10-20 00:00:00,39.62,-79.9234,2758
"Aberdeen - Churchville Rd, MD",3710 Churchville Rd,Aberdeen,MARYLAND,21001,USA,8,250.0,88,2021-11-10 00:00:00,39.529653,-76.194605,72139
"Tomah, WI",201 Helen Walton Dr,Tomah,WISCONSIN,54660,USA,8,250.0,293,2021-11-16 00:00:00,44.018885,-90.507493,24943
"Yorba Linda, CA",18601 Yorba Linda Blvd,Yorba Linda,CALIFORNIA,92886,USA,8,250.0,121,2023-05-25 00:00:00,33.889175,-117.808082,1256646
"Richmond, KY",1013 Buc-ee's Blvd,Richmond,KENTUCKY,40475,USA,12,250.0,311,2023-04-13 00:00:00,37.67173,-84.308365,11617
"Bee Cave, TX",12770 Shops Pkwy,Bee Cave,TEXAS,78738,USA,8,250.0,263,2022-04-28 00:00:00,30.303714,-97.941726,230125
"Yemassee, SC",810 US-17,Yemassee,SOUTH CAROLINA,29945,USA,8,250.0,7,2021-08-25 00:00:00,32.634231,-80.875183,20873
"Two Harbors, MN",820 11th St,Two Harbors,MINNESOTA,55616,USA,8,250.0,222,2022-12-21 00:00:00,47.028302,-91.6808,37050
"Tillamook, OR",2325 Latimer Rd N,Tillamook,OREGON,97141,USA,12,250.0,7,2022-09-21 00:00:00,45.481359,-123.843893,64361
"Hanover, MA",1775 Washington St,Hanover,MASSACHUSETTS,2339,USA,12,250.0,33,2022-07-01 00:00:00,42.1474,-70.8432,73768
"San Diego - Scripps Poway Pkwy, CA","10555 Scripps Poway Pkwy, CA",San Diego,CALIFORNIA,92131,USA,12,250.0,187,2021-11-09 00:00:00,32.9362,-117.098848,1256646
"Sutherlin, OR",116 Clover Leaf Loop,Sutherlin,OREGON,97479,USA,51,250.0,136,2023-02-17 00:00:00,43.386902,-123.341367,64361
"Millen, GA",104 E Winthrope Ave,Millen,GEORGIA,30442,USA,8,250.0,50,2022-04-30 00:00:00,32.8032,-81.9486,92368
"Joppatowne, MD",1419 Mountain Rd,Joppatowne,MARYLAND,21085,USA,8,250.0,48,2023-05-04 00:00:00,39.440207,-76.345305,72139
"Janesville, WI",2819 N Lexington Dr,Janesville,WISCONSIN,53545,USA,8,250.0,271,2022-06-25 00:00:00,42.7176917,-88.9947624,24943
"Culver City - Washington Blvd, CA",8850 Washington Blvd,Culver City,CALIFORNIA,90232,USA,8,250.0,33,2021-09-23 00:00:00,34.027046,-118.388416,1256646
"Las Vegas - Bridger Ave, NV",701 Bridger Ave,Las Vegas,NEVADA,89101,USA,6,120.0,609,2014-02-19 00:00:00,36.165906,-115.138655,47361
"Las Vegas - High Roller at LINQ, NV",3993 Audrie St,Las Vegas,NEVADA,89109,USA,24,250.0,636,2019-07-19 00:00:00,36.11671,-115.168258,47361
"Alachua, FL",15560 NW HWY 441,Alachua,FLORIDA,32615,USA,12,250.0,20,2022-06-08 00:00:00,29.796918,-82.500844,254878
"Rocky Hill, CT",632 Cromwell Ave,Rocky Hill,CONNECTICUT,6067,USA,12,250.0,54,2022-09-09 00:00:00,41.653283,-72.679252,31557
"Leland, NC",2020 Olde Regent Way,Leland,NORTH CAROLINA,28451,USA,12,250.0,8,2022-02-24 00:00:00,34.2173,-78.0185,70164
"Appleton, WI",3801 N Richmond St,Appleton,WISCONSIN,54913,USA,8,250.0,254,2022-12-20 00:00:00,44.301045,-88.416975,24943
"Natchitoches, LA",5423 University Pkwy,Natchitoches,LOUISIANA,71457,USA,8,250.0,64,2022-06-11 00:00:00,31.724944,-93.162309,8150
"Warsaw - NC-24, NC",2669 NC-24,Warsaw,NORTH CAROLINA,28398,USA,12,250.0,47,2021-09-17 00:00:00,34.992695,-78.135604,70164
"Ypsilanti, MI",3825 Carpenter Rd,Ypsilanti,MICHIGAN,48197,USA,12,250.0,253,2022-11-03 00:00:00,42.232722,-83.678722,50284
"Ellensburg - Canyon Rd, WA",1500 Canyon Rd,Ellensburg,WASHINGTON,98926,USA,12,250.0,454,2022-04-28 00:00:00,46.978013,-120.542423,152101
"Allen, TX",939 W Stacy Rd,Allen,TEXAS,75013,USA,12,250.0,205,2022-11-30 00:00:00,33.129609,-96.673894,230125
"Freetown, MA",36 Innovation Way,Freetown,MASSACHUSETTS,2720,USA,8,250.0,47,2022-12-21 00:00:00,41.7628,-71.0955,73768
"Baton Rouge - Airline Hwy, LA",9650 Airline Hwy,Baton Rouge,LOUISIANA,70809,USA,12,250.0,14,2023-01-27 00:00:00,30.432893,-91.081966,8150
"Scottsdale - E Shea Blvd, AZ",8740 E Shea Blvd,Scottsdale,ARIZONA,85260,USA,16,250.0,419,2022-06-30 00:00:00,33.5835,-111.894,89798
"Syracuse - Destiny USA Dr, NY",1 Destiny USA Dr,Syracuse,NEW YORK,13204,USA,12,250.0,114,2022-06-30 00:00:00,43.0674,-76.1753,131250
"Verona, NY",5218 Patrick Rd,Verona,NEW YORK,13478,USA,12,250.0,160,2022-09-30 00:00:00,43.113201,-75.591176,131250
"Glendale, WI",5699 N Centerpark Way,Glendale,WISCONSIN,53217,USA,12,250.0,195,2022-09-02 00:00:00,43.121,-87.916222,24943
"Carle Place, NY",165 Old Country Rd,Carle Place,NEW YORK,11514,USA,12,250.0,27,2021-11-18 00:00:00,40.744718,-73.61626,131250
"Fort Lauderdale - East Sunrise Blvd, FL",2414 E Sunrise Blvd,Fort Lauderdale,FLORIDA,33304,USA,16,250.0,1,2022-11-26 00:00:00,26.136936,-80.113134,254878
"Abbott, TX",1197 I-35,Abbott,TEXAS,76621,USA,8,250.0,198,2021-11-24 00:00:00,31.898651,-97.091114,230125
"Lake Arrowhead, CA",28200 State Hwy 189,Lake Arrowhead,CALIFORNIA,92532,USA,8,250.0,1577,2021-11-17 00:00:00,34.250676,-117.189756,1256646
"Stockton - E Morada Ln, CA",4255 E Morada Ln,Stockton,CALIFORNIA,95212,USA,12,250.0,11,2022-02-23 00:00:00,38.039095,-121.260928,1256646
"Myrtle Creek, OR",130 Petite St,Myrtle Creek,OREGON,97457,USA,8,250.0,194,2021-10-21 00:00:00,42.97264,-123.339021,64361
"Del Valle, TX",12201 Pearce Ln,Del Valle,TEXAS,78617,USA,8,250.0,154,2022-04-01 00:00:00,30.172397,-97.630394,230125
"Troutdale, OR",450 NW 257th Way,Troutdale,OREGON,97060,USA,8,250.0,13,2022-01-23 00:00:00,45.542901,-122.38935,64361
"Bronx - Bay Plaza, NY",270 Baychester Ave,Bronx,NEW YORK,10475,USA,12,72.0,4,2019-04-11 00:00:00,40.86368,-73.82916,131250
"Beaver - 525 W, UT",1780 Littlefield Interchange,Beaver,UTAH,84713,USA,24,250.0,1792,2021-04-14 00:00:00,38.2484296,-112.6531868,39998
"New Bern, NC",2507 Dr. M.L.K. Jr Blvd,New Bern,NORTH CAROLINA,28562,USA,8,250.0,7,2021-09-04 00:00:00,35.104124,-77.080448,70164
"Fair Oaks, IN",856 N 600 E,Fair Oaks,INDIANA,47943,USA,12,250.0,209,2021-08-28 00:00:00,41.010608,-87.276583,26101
"Massapequa, NY",926 Carmans Rd,Massapequa,NEW YORK,11758,USA,8,250.0,13,2021-09-18 00:00:00,40.701916,-73.432817,131250
"St. George, SC",5920 W Jim Bilton Blvd,St. George,SOUTH CAROLINA,29477,USA,12,250.0,28,2021-09-03 00:00:00,33.195556,-80.599395,20873
"Garner, NC",5180 NC-42,Garner,NORTH CAROLINA,27529,USA,8,250.0,92,2021-09-04 00:00:00,35.608443,-78.563054,70164
"Edwards, CO",436 Edwards Access Rd,Edwards,COLORADO,81632,USA,8,250.0,2216,2021-09-04 00:00:00,39.648581,-106.587182,90083
"Lexington, SC",1123 S Lake Dr,Lexington,SOUTH CAROLINA,29073,USA,12,250.0,130,2021-09-21 00:00:00,33.9521519,-81.2326944,20873
"Garden City, NY",630 Old Country Rd,Garden City,NEW YORK,11530,USA,12,250.0,27,2021-11-04 00:00:00,40.7416044,-73.6129391,131250
"North Miami Beach, FL",14075 Biscayne Blvd,North Miami Beac,FLORIDA,33181,USA,12,250.0,2,2022-09-05 00:00:00,25.906606,-80.157279,254878
"Chesapeake, VA",101 Hillcrest Pkwy,Chesapeake,VIRGINIA,23322,USA,8,250.0,8,2021-11-24 00:00:00,36.657929,-76.224462,84936
"Halifax, NC",10401 NC-903,Halifax,NORTH CAROLINA,27839,USA,12,250.0,49,2021-09-25 00:00:00,36.366063,-77.674315,70164
"Annapolis - Buschs Frontage Rd, MD",321 Buschs Frontage Rd,Annapolis,MARYLAND,21409,USA,8,250.0,9,2023-05-09 00:00:00,39.027063,-76.455758,72139
"Bethel Park, PA",7000 Oxford Dr,Bethel Park,PENNSYLVANIA,15102,USA,8,250.0,363,2022-11-22 00:00:00,40.346018,-80.047168,70154
"Burr Ridge, IL",515 Village Center Dr,Burr Ridge,ILLINOIS,60527,USA,16,250.0,213,2022-05-24 00:00:00,41.7523,-87.9137,99573
"Hutto, TX",5000 Gattis School Rd,Hutto,TEXAS,78634,USA,12,250.0,232,2022-03-22 00:00:00,30.502813,-97.580947,230125
"Falmouth, ME",65 Gray Rd,Falmouth,MAINE,4105,USA,8,250.0,21,2022-12-10 00:00:00,43.734299,-70.293547,7377
"Algonquin, IL",400 S Randall Rd,Algonquin,ILLINOIS,60102,USA,12,250.0,277,2022-07-22 00:00:00,42.171166,-88.336632,99573
"Waterville, ME",140 Elm Plaza,Waterville,MAINE,4901,USA,12,250.0,57,2022-09-29 00:00:00,44.569032,-69.639469,7377
"Red Oak, TX",200 I- 35 Service Rd,Red Oak,TEXAS,75154,USA,16,250.0,179,2022-12-12 00:00:00,32.517,-96.8214,230125
"Huntsville, AL",5909 University Dr,Huntsville,ALABAMA,35806,USA,12,250.0,211,2022-06-14 00:00:00,34.739127,-86.666295,13047
"Fort Wayne - Illinois Rd, IN",5909 Illinois Rd,Fort Wayne,INDIANA,46804,USA,12,250.0,250,2022-06-24 00:00:00,41.07321,-85.21819,26101
"Calabasas - Commons Way, CA",4799 Commons Way,Calabasas,CALIFORNIA,91302,USA,20,250.0,292,2022-05-12 00:00:00,34.154607,-118.645367,1256646
"Saco, ME",532 Main St,Saco,MAINE,4072,USA,8,250.0,32,2023-03-07 00:00:00,43.5112,-70.4348,7377
"Scappoose, OR",52469 SE 2nd St,Scappoose,OREGON,97056,USA,4,250.0,19,2023-05-24 00:00:00,45.7562,-122.8764,64361
"Highland, CA",27961 Highland Avenue,Highland,CALIFORNIA,92346,USA,8,250.0,450,2021-09-04 00:00:00,34.135136,-117.195193,1256646
"Shenandoah, TX",10973 I-45,Shenandoah,TEXAS,77385,USA,8,250.0,43,2022-11-04 00:00:00,30.188746,-95.452171,230125
"Genoa - Wyandot Service Plaza, OH","Wyandot Service Plaza, Ohio Turnpike",Genoa,OHIO,43430,USA,8,250.0,192,2021-12-21 00:00:00,41.489964,-83.37048,50393
"Mystic, CT",12 Coogan Blvd,Mystic,CONNECTICUT,6355,USA,12,250.0,13,2022-06-01 00:00:00,41.372386,-71.956586,31557
"Lubbock (SC), TX",6544 82nd St,Lubbock,TEXAS,79424,USA,4,250.0,1001,2022-05-26 00:00:00,33.520954,-101.961588,230125
"Dallas - The Hill, TX",9740 North Central Expressway,Dallas,TEXAS,75231,USA,12,72.0,170,2018-04-19 00:00:00,32.881155,-96.769519,230125
"Bad Axe, MI",100 Pigeon Rd,Bad Axe,MICHIGAN,48413,USA,6,250.0,225,2022-08-25 00:00:00,43.82471,-83.00583,50284
"Danvers, MA",301 Newbury St,Danvers,MASSACHUSETTS,1923,USA,12,250.0,35,2023-05-19 00:00:00,42.585318,-70.96587,73768
"Tempe, AZ",5000 S Arizona Mills Cir,Tempe,ARIZONA,85282,USA,14,250.0,364,2022-07-15 00:00:00,33.381,-111.963,89798
"North Babylon, NY",1261 Deer Pk Ave,North Babylon,NEW YORK,11703,USA,12,250.0,14,2022-10-07 00:00:00,40.739557,-73.319465,131250
"Tampa - E Hillsborough Ave, FL",7408 E Hillsborough Ave,Tampa,FLORIDA,33610,USA,8,250.0,11,2022-03-29 00:00:00,27.996805,-82.372668,254878
"Tampa - East Bearss Ave, FL",804 E Bearss Ave,Tampa,FLORIDA,33613,USA,8,250.0,19,2022-08-28 00:00:00,28.088551,-82.4521,254878
"Chula Vista - Showroom Pl, CA",881 Showroom Pl,Chula Vista,CALIFORNIA,91914,USA,16,250.0,210,2023-02-21 00:00:00,32.651478,-116.954543,1256646
"Somerville, MA",779 McGrath Hwy,Somerville,MASSACHUSETTS,2145,USA,8,250.0,4,2022-03-31 00:00:00,42.390558,-71.086016,73768
"Genoa - Blue Heron Service Plaza, OH","Blue Heron Service Plaza, Ohio Turnpike",Genoa,OHIO,43430,USA,8,250.0,191,2021-12-21 00:00:00,41.490708,-83.366736,50393
"Hood River - Cascade Ave, OR",2249 Cascade Ave,Hood River,OREGON,97031,USA,8,250.0,96,2021-11-04 00:00:00,45.709603,-121.534581,64361
"St. Paul, MN",1300 University Ave W,St. Paul,MINNESOTA,55104,USA,12,250.0,284,2021-11-13 00:00:00,44.954518,-93.15492,37050
"Glendale, AZ",6755 N Sunset Blvd,Glendale,ARIZONA,85305,USA,16,250.0,326,2022-03-20 00:00:00,33.535965,-112.262776,89798
"Chugiak, AK",22211 Birchwood Loop Rd,Chugiak,ALASKA,99567,USA,8,250.0,96,2022-11-07 00:00:00,61.403462,-149.46797,2697
"North Bergen, NJ",3131 John F. Kennedy Blvd,North Bergen,NEW JERSEY,7087,USA,12,250.0,47,2022-12-22 00:00:00,40.775375,-74.034666,134753
"Needles - W Broadway St, CA",2410 W Broadway St,Needles,CALIFORNIA,92363,USA,12,250.0,155,2022-12-09 00:00:00,34.850856,-114.622865,1256646
"Melville, NY",890 Walt Whitman Rd,Melville,NEW YORK,11747,USA,10,250.0,41,2022-04-08 00:00:00,40.798738,-73.41226,131250
"Perry Hall, MD",9809 Belair Rd,Perry Hall,MARYLAND,21128,USA,8,250.0,72,2022-05-25 00:00:00,39.4189,-76.4558,72139
"Needles - E Broadway St, CA",1020 E Broadway St,Needles,CALIFORNIA,92363,USA,12,250.0,166,2023-02-27 00:00:00,34.825734,-114.594896,1256646
"Socorro, NM",1100 N California Street,Socorro,NEW MEXICO,87801,USA,8,250.0,1402,2022-08-30 00:00:00,34.071707,-106.892957,10276
"Salisbury, MD",2300 North Salisbury Blvd,Salisbury,MARYLAND,21801,USA,6,150.0,12,2014-11-08 00:00:00,38.401648,-75.564818,72139
"Needles, CA",2451 Needles Hwy,Needles,CALIFORNIA,92363,USA,4,150.0,157,2015-01-16 00:00:00,34.850835,-114.624329,1256646
"Ontario, CA",155 E C St,Ontario,CALIFORNIA,91764,USA,8,250.0,309,2022-06-14 00:00:00,34.066162,-117.65027,1256646
"Iowa City, IA",1103 N Dodge St,Iowa City,IOWA,52245,USA,8,250.0,241,2022-06-14 00:00:00,41.675785,-91.520803,9031
"Palmer, MA",1178 Thorndike St,Palmer,MASSACHUSETTS,1069,USA,12,250.0,127,2023-03-27 00:00:00,42.173452,-72.324767,73768
"Winston-Salem, NC",276 Harvey St,Winston-Salem,NORTH CAROLINA,27103,USA,12,250.0,271,2022-10-31 00:00:00,36.084444,-80.295348,70164
"Creswell, OR",365 E Oregon Ave,Creswell,OREGON,97426,USA,8,250.0,163,2023-01-24 00:00:00,43.916972,-123.013799,64361
"Mokena, IL",11305 Lincoln Hwy,Mokena,ILLINOIS,60448,USA,12,250.0,219,2023-04-28 00:00:00,41.49984,-87.88864,99573
"Pueblo, CO",301 Central Main St,Pueblo,COLORADO,81003,USA,12,250.0,1420,2022-09-28 00:00:00,38.266591,-104.609086,90083
"Aventura - Biscayne Blvd, FL",21005 Biscayne Blvd,Aventura,FLORIDA,33180,USA,8,250.0,1,2023-02-09 00:00:00,25.970508,-80.141165,254878
"Ocala - W. Silver Springs Blvd, FL",3312 W Silver Springs Blvd,Ocala,FLORIDA,34475,USA,8,250.0,22,2022-05-10 00:00:00,29.1853376,-82.1773968,254878
"Detroit, MI",1301 W 8 Mile Road,Detroit,MICHIGAN,48203,USA,12,250.0,636,2022-08-09 00:00:00,42.445534,-83.11792,50284
"Girard, OH",420 S State St,Girard,OHIO,44420,USA,8,250.0,277,2022-05-20 00:00:00,41.1493,-80.7,50393
"Boardman, OR",101 Olson Rd SE,Boardman,OREGON,97818,USA,8,250.0,93,2022-06-10 00:00:00,45.841463,-119.684207,64361
"Melville - Walt Whitman Rd, NY",1350 Walt Whitman Rd,Melville,NEW YORK,11747,USA,12,250.0,36,2022-05-19 00:00:00,40.782905,-73.42252,131250
"Memphis - North Germantown Pkwy, TN",2751 Wolf Creek Pkwy,Memphis,TENNESSEE,38133,USA,12,250.0,92,2022-08-31 00:00:00,35.202146,-89.794496,33221
"White Plains, MD",4210 Crain Hwy,White Plains,MARYLAND,20695,USA,8,250.0,62,2022-08-18 00:00:00,38.5955,-76.9372,72139
"Sturgeon Bay, WI",622 S Ashland Ave,Sturgeon Bay,WISCONSIN,54235,USA,8,250.0,217,2022-06-15 00:00:00,44.822043,-87.402726,24943
"Hickory - NC-127, NC",2631 NC-127,Hickory,NORTH CAROLINA,28602,USA,12,250.0,319,2023-05-25 00:00:00,35.692297,-81.357075,70164
"Weaverville, CA",1665 Main St,Weaverville,CALIFORNIA,96093,USA,8,250.0,606,2022-02-10 00:00:00,40.720505,-122.928071,1256646
"Chehalis, WA",700 NW Arkansas Way,Chehalis,WASHINGTON,98532,USA,8,250.0,52,2023-02-01 00:00:00,46.679783,-122.977105,152101
"Las Vegas - E Sahara Ave (SC), NV",3250 E Sahara Ave,Las Vegas,NEVADA,89104,USA,9,250.0,557,2022-05-06 00:00:00,36.145327,-115.102898,47361
"Mount Juliet, TN",50 Old Pleasant Grove Rd,Mount Juliet,TENNESSEE,37122,USA,11,250.0,204,2023-02-17 00:00:00,36.173769,-86.513564,33221
"San Diego - Genesee Ave, CA",4310 Genesee Ave,San Diego,CALIFORNIA,92117,USA,8,250.0,112,2023-01-23 00:00:00,32.821662,-117.184317,1256646
"Boone, NC",2147 Blowing Rock Rd,Boone,NORTH CAROLINA,28607,USA,12,250.0,959,2022-09-12 00:00:00,36.196087,-81.653014,70164
"Kissimmee - W Osceola Pkwy, FL",751 Centerview Blvd,Kissimmee,FLORIDA,34741,USA,16,250.0,27,2023-04-25 00:00:00,28.341509,-81.411159,254878
"Bakersfield - Copus Rd, CA",10565 Copus Rd,Kern County,CALIFORNIA,93313,USA,20,250.0,100,2021-06-30 00:00:00,35.094874,-119.040158,1256646
"Orlando - S Orange Blossom Trl, FL",8001 S Orange Blossom Trail,Orlando,FLORIDA,32809,USA,16,250.0,32,2022-10-22 00:00:00,28.448461,-81.394583,254878
"Mesquite, NV",950 W Mesquite Blvd,Mesquite,NEVADA,89027,USA,12,250.0,487,2021-10-27 00:00:00,36.802978,-114.099928,47361
"Lenox, MA",55 Pittsfield Rd,Lenox,MASSACHUSETTS,1240,USA,8,250.0,403,2022-11-19 00:00:00,42.377028,-73.277352,73768
"Jasper, FL",6723 US-129,Jasper,FLORIDA,32052,USA,8,250.0,49,2022-03-29 00:00:00,30.446647,-82.933586,254878
"Jonesboro, AR",3920 Southwest Dr,Jonesboro,ARKANSAS,72404,USA,7,250.0,124,2022-07-22 00:00:00,35.7966,-90.7307,7108
"Thomasville, NC",1810 Liberty Dr,Thomasville,NORTH CAROLINA,27360,USA,8,250.0,266,2022-07-16 00:00:00,35.855555,-80.072156,70164
"Sprague, WA",2008 Durry Rd,Sprague,WASHINGTON,99032,USA,8,250.0,581,2022-03-29 00:00:00,47.209072,-118.22589,152101
"Urbana, IL",2100 E University Ave,Urbana,ILLINOIS,61802,USA,8,250.0,223,2022-08-19 00:00:00,40.115628,-88.182804,99573
"Selma, CA",2851 Highland Ave,Selma,CALIFORNIA,93662,USA,16,250.0,94,2022-07-08 00:00:00,36.574434,-119.629402,1256646
"Rockingham, NC",1305 E Broad Ave,Rockingham,NORTH CAROLINA,27839,USA,12,250.0,81,2021-12-10 00:00:00,34.921509,-79.74772,70164
"Kenosha, WI",7145 118th Ave,Kenosha,WISCONSIN,53142,USA,12,250.0,212,2021-12-18 00:00:00,42.56911,-87.947466,24943
"Findlay, OH",1051 Interstate Ct,Findlay,OHIO,45840,USA,8,250.0,238,2021-11-13 00:00:00,41.059623,-83.671058,50393
"Denison, TX",TX-91,Denison,TEXAS,75020,USA,8,250.0,208,2021-11-24 00:00:00,33.793806,-96.554709,230125
"Normal - E College Ave, IL",1900 E College Ave,Normal,ILLINOIS,61761,USA,12,250.0,249,2021-11-18 00:00:00,40.511235,-88.947814,99573
"Kimball, TN",300 Kimball Crossing Dr,Kimball,TENNESSEE,37347,USA,12,250.0,188,2021-10-04 00:00:00,35.039825,-85.685066,33221
"Johnson City - US-281, TX",405 US 281,Johnson City,TEXAS,78636,USA,8,250.0,365,2021-11-24 00:00:00,30.269934,-98.398065,230125
"Madras, OR",1575 US-97,Madras,OREGON,97741,USA,8,250.0,724,2022-07-08 00:00:00,44.614312,-121.134674,64361
"Barstow - E Main St, CA",1866 E Main St,Barstow,CALIFORNIA,92311,USA,4,72.0,642,2022-05-27 00:00:00,34.8881,-116.9955,1256646
"Woodbridge, NJ",440 King Georges Rd,Woodbridge,NEW JERSEY,8857,USA,16,250.0,40,2018-03-12 00:00:00,40.535862,-74.297271,134753
"St. Peter, MN",1002 Old Minnesota Ave,St. Peter,MINNESOTA,56082,USA,8,250.0,233,2021-10-30 00:00:00,44.336448,-93.950131,37050
"Llano, TX",115 E. Main St,Llano,TEXAS,78643,USA,8,250.0,310,2022-01-07 00:00:00,30.750554,-98.67491,230125
"Woodbridge - Potomac Town Place, VA",15201 Potomac Town Pl,Woodbridge,VIRGINIA,22191,USA,12,250.0,55,2022-03-27 00:00:00,38.629244,-77.289539,84936
"Rochelle, IL",330 S 7th St,Rochelle,ILLINOIS,61068,USA,8,250.0,238,2022-05-29 00:00:00,41.916936,-89.069076,99573
"Wharton, TX",10484 US-59,Wharton,TEXAS,77488,USA,8,250.0,32,2022-06-03 00:00:00,29.325098,-96.124308,230125
"Folsom - Iron Point Rd, CA",13000 Folsom Blvd,Folsom,CALIFORNIA,95630,USA,4,120.0,63,2012-11-19 00:00:00,38.64258,-121.18806,1256646
"Clyde, TX","8075 I-20, S Access Rd West",Clyde,TEXAS,79510,USA,20,250.0,612,2022-08-17 00:00:00,32.417468,-99.526532,230125
"Riverview - Hwy 301 S, FL",9617 US-301,Riverview,FLORIDA,33578,USA,8,250.0,11,2022-06-28 00:00:00,27.858153,-82.327561,254878
"Orlando - 7826 W Sand Lake Rd, FL",7826 W Sand Lake Rd,Orlando,FLORIDA,32819,USA,12,250.0,33,2022-06-06 00:00:00,28.449537,-81.490195,254878
"Atlanta - Peachtree Rd, GA",3393 Peachtree Rd,Atlanta,GEORGIA,30326,USA,5,72.0,299,2018-09-01 00:00:00,33.848756,-84.36434,92368
"Charlottesville - Proffit Rd, VA",3267 Proffit Rd,Charlottesville,VIRGINIA,22911,USA,8,250.0,164,2021-05-14 00:00:00,38.132266,-78.434391,84936
"Laguna Seca, CA",1021 Monterey Salinas Hwy,Salinas,CALIFORNIA,93908,USA,8,250.0,238,2022-09-15 00:00:00,36.586463,-121.756108,1256646
"West Lake Hills, TX",701 S Capital of Texas Hwy,West Lake Hills,TEXAS,78746,USA,8,250.0,265,2022-03-12 00:00:00,30.289722,-97.827417,230125
"New Braunfels, TX",2760 N IH 35,New Braunfels,TEXAS,78130,USA,24,250.0,208,2022-05-31 00:00:00,29.726598,-98.078702,230125
"Evansville, WY",6985 Nugget St,Evansville,WYOMING,82636,USA,8,250.0,1570,2020-07-01 00:00:00,42.846691,-106.214485,1139
"Mocksville, NC",1449 Yadkinville Rd,Mocksville,NORTH CAROLINA,27028,USA,8,250.0,255,2023-01-25 00:00:00,35.9189,-80.5856,70164
"Mesa, AZ",1859 S Stapley Dr,Mesa,ARIZONA,85204,USA,12,250.0,374,2022-12-16 00:00:00,33.3803,-111.8056,89798
"Orlando - Millenia Plaza Way, FL",4750 Millenia Plaza Way,Orlando,FLORIDA,32839,USA,12,250.0,31,2022-06-12 00:00:00,28.492365,-81.429161,254878
"Ashland, VA",12341 Washington Hwy,Ashland,VIRGINIA,23005,USA,8,250.0,66,2022-04-22 00:00:00,37.745769,-77.472412,84936
"Alice, TX",700 E Front St,Alice,TEXAS,78332,USA,11,250.0,61,2022-08-11 00:00:00,27.749045,-98.06881,230125
"Jacksonville - County Road, FL",2220 County Road 210 W,St. Johns,FLORIDA,32259,USA,10,150.0,9,2018-12-20 00:00:00,30.060278,-81.513861,254878
"North Platte, NE",202 E Leota St,North Platte,NEBRASKA,69101,USA,8,250.0,853,2022-06-29 00:00:00,41.120588,-100.762642,6920
"Hancock, NY",661 W Main St,Hancock,NEW YORK,13783,USA,8,250.0,278,2022-12-19 00:00:00,41.956228,-75.294742,131250
"Boynton Beach, FL",650 N Congress Ave,Boynton Beach,FLORIDA,33426,USA,16,250.0,3,2022-08-02 00:00:00,26.533567,-80.089394,254878
"Easton, PA",100 Trolley Line Dr,Easton,PENNSYLVANIA,18045,USA,8,250.0,118,2022-09-04 00:00:00,40.739349,-75.263529,70154
"Oakland - Hegenberger Rd, CA",640 Hegenberger Rd,Oakland,CALIFORNIA,94621,USA,16,250.0,4,2020-06-17 00:00:00,37.746403,-122.195614,1256646
"Corpus Christi, TX",4938 S Staples St,Corpus Christi,TEXAS,78411,USA,12,250.0,7,2022-06-30 00:00:00,27.709319,-97.368357,230125
"Paramus - NJ-17, NJ",501 NJ-17,Paramus,NEW JERSEY,7652,USA,8,250.0,17,2023-03-25 00:00:00,40.955391,-74.07467,134753
"Elizabethtown, KY",809 E Dixie Ave,Elizabethtown,KENTUCKY,42701,USA,8,250.0,235,2021-12-10 00:00:00,37.671622,-85.845453,11617
"Sebring, FL",3838 US Hwy 27 S,Sebring,FLORIDA,33870,USA,8,250.0,33,2023-03-14 00:00:00,27.465749,-81.434147,254878
"Hood River - Anchor Way, OR",501 Portway Ave,Hood River,OREGON,97031,USA,16,250.0,29,2023-01-20 00:00:00,45.714111,-121.515793,64361
"Old Fort, NC",121 Parker Padgett Rd,Old Fort,NORTH CAROLINA,28762,USA,12,250.0,416,2021-11-21 00:00:00,35.638228,-82.143169,70164
"Tucson - W River Rd, AZ",3844 W River Rd,Tucson,ARIZONA,85741,USA,16,250.0,678,2022-02-10 00:00:00,32.321657,-111.044732,89798
"Pooler, GA",2111 Pooler Pkwy,Parker,GEORGIA,31322,USA,8,250.0,7,2021-11-05 00:00:00,32.079619,-81.281224,92368
"Asheville - Thetford St, NC",264 Thetford St,Asheville,NORTH CAROLINA,28803,USA,12,250.0,648,2021-10-19 00:00:00,35.484012,-82.557638,70164
"Manassas, VA",10691 Davidson Pl,Manassas,VIRGINIA,20109,USA,8,250.0,69,2021-12-13 00:00:00,38.793019,-77.515512,84936
"Melbourne, FL",4429 W Eau Gallie Blvd,Melbourne,FLORIDA,32934,USA,8,250.0,6,2022-03-31 00:00:00,28.119865,-80.699588,254878
"Stuart, FL",2401 S Kanner Hwy,Stuart,FLORIDA,34994,USA,8,250.0,2,2022-02-21 00:00:00,27.175517,-80.252532,254878
"Davie, FL",1904 S University Dr,Davie,FLORIDA,33324,USA,8,250.0,1,2021-11-19 00:00:00,26.0923282,-80.2496536,254878
"Castaic, CA",29435 The Old Rd,Castaic,CALIFORNIA,91384,USA,12,250.0,315,2022-08-13 00:00:00,34.452312,-118.61614,1256646
"Burbank - N San Fernando Blvd, CA",1009 N San Fernando Blvd,Burbank,CALIFORNIA,91504,USA,8,250.0,185,2022-10-14 00:00:00,34.187565,-118.318197,1256646
"St. Augustine - Inman Rd, FL",2222 FL-16,St. Augustine,FLORIDA,32084,USA,12,250.0,11,2021-11-18 00:00:00,29.916415,-81.403632,254878
"Ridgefield, WA",125 N 65th Ave,Ridgefield,WASHINGTON,98642,USA,12,250.0,84,2023-05-27 00:00:00,45.8177,-122.6828,152101
"Oak Brook, IL",1600 W 16th St,Oak Brook,ILLINOIS,60523,USA,8,250.0,427,2021-11-25 00:00:00,41.854435,-87.958496,99573
"Portage - George Ade Travel Plaza, IN",Indiana Toll Rd,Portage,INDIANA,46368,USA,8,250.0,187,2021-12-24 00:00:00,41.5874,-87.2176,26101
"Ellsworth, ME",225 High St,Ellsworth,MAINE,4605,USA,8,250.0,37,2022-03-03 00:00:00,44.532641,-68.411381,7377
"Newhall, CA",23502 Newhall Ave,Santa Clarita,CALIFORNIA,91321,USA,16,250.0,413,2023-03-08 00:00:00,34.3683,-118.5092,1256646
"Richmond, RI",1175 Main St,Richmond,RHODE ISLAND,2898,USA,8,250.0,39,2022-06-23 00:00:00,41.513891,-71.698256,6396
"Duluth, GA",3585 Peachtree Industrial Blvd,Duluth,GEORGIA,30096,USA,12,250.0,288,2022-05-13 00:00:00,34.0004,-84.169,92368
"Northville, MI",20401 Haggerty Rd,Northville,MICHIGAN,48167,USA,12,250.0,244,2022-05-27 00:00:00,42.4372,-83.4381,50284
"Manorville, NY",485 County Rd 111,Manorville,NEW YORK,11949,USA,12,250.0,16,2022-04-24 00:00:00,40.871424,-72.798971,131250
"Breezewood - Lincoln Hwy, PA",16520 Lincoln Hwy,Breezewood,PENNSYLVANIA,15533,USA,12,250.0,401,2022-07-04 00:00:00,39.998748,-78.236263,70154
"Boston - Richard B. Ross Way, MA",1341 Boylston St,Boston,MASSACHUSETTS,2215,USA,8,72.0,4,2019-04-27 00:00:00,42.344691,-71.099322,73768
"Leesburg, VA",1602 Village Market Blvd SE Suite 215,Leesburg,VIRGINIA,20175,USA,10,72.0,77,2019-07-19 00:00:00,39.089677,-77.526324,84936
"Colonial Heights, VA",15840 Jefferson Davis Hwy,Colonial Heights,VIRGINIA,23834,USA,8,250.0,35,2022-05-06 00:00:00,37.305593,-77.409675,84936
"Richmond - S Providence Rd, VA",20 S Providence Rd,Richmond,VIRGINIA,23236,USA,8,250.0,88,2022-05-12 00:00:00,37.495848,-77.547664,84936
"Fairfax, VA",11900 Palace Way,Fairfax,VIRGINIA,22030,USA,12,250.0,132,2022-05-26 00:00:00,38.859305,-77.357542,84936
"Newark, DE",530 JFK Memorial Hwy,Newark,DELAWARE,19725,USA,12,150.0,18,2012-12-21 00:00:00,39.6635,-75.69017,8435
"Avenel, NJ",930 US Highway 1 North,Avenel,NEW JERSEY,7001,USA,12,250.0,26,2022-08-10 00:00:00,40.576793,-74.287572,134753
"Grapevine, TX",1001 Northwest Hwy,Grapevine,TEXAS,76051,USA,12,250.0,187,2021-04-07 00:00:00,32.941942,-97.065861,230125
"Des Moines, IA",5050 NW 2nd St,Des Moines,IOWA,50313,USA,8,250.0,256,2022-02-06 00:00:00,41.652488,-93.620937,9031
"Frederick - Buckeystown Pike, MD",5601 Buckeystown Pike,Frederick,MARYLAND,21701,USA,8,250.0,98,2022-03-24 00:00:00,39.3867,-77.4077,72139
"Albuquerque - Louisiana Blvd NE, NM",2200 Louisiana Blvd NE,Albuquerque,NEW MEXICO,87110,USA,16,250.0,1614,2022-03-23 00:00:00,35.104333,-106.566029,10276
"Walterboro, SC",2076 Bells Hwy,Walterboro,SOUTH CAROLINA,29488,USA,12,250.0,25,2022-04-19 00:00:00,32.9333,-80.6925,20873
"Lake Delton, WI",1070 Wisconsin Dells Pkwy S,Lake Delton,WISCONSIN,53913,USA,12,250.0,274,2022-06-08 00:00:00,43.576852,-89.77949,24943
"Augusta, NJ",1 NJ-15,Augusta,NEW JERSEY,7822,USA,8,250.0,157,2022-08-23 00:00:00,41.11941,-74.71296,134753
"New Orleans, LA",1500 Canal St,New Orleans,LOUISIANA,70112,USA,12,250.0,0,2023-04-06 00:00:00,29.957061,-90.076684,8150
"Addison, TX",14795 Montfort Drive,Addison,TEXAS,75254,USA,16,250.0,187,2022-11-21 00:00:00,32.950179,-96.81853,230125
"Allentown - Schantz Rd, PA",7572 Schantz Rd,Allentown,PENNSYLVANIA,18106,USA,12,250.0,135,2022-05-12 00:00:00,40.57163,-75.616759,70154
"Laurel - Fort Meade Rd, MD",9600 Fort Meade Rd,Laurel,MARYLAND,20707,USA,8,250.0,43,2022-04-06 00:00:00,39.095839,-76.841533,72139
"Martinez, CA",520 Center Ave,Martinez,CALIFORNIA,94553,USA,16,250.0,73,2021-12-31 00:00:00,37.99316,-122.12137,1256646
"Euless, TX",3050 TX-360,Euless,TEXAS,76039,USA,12,250.0,174,2023-03-21 00:00:00,32.880879,-97.074504,230125
"Madison Heights, VA",4089 S Amherst Hwy,Madison Heights,VIRGINIA,24572,USA,8,250.0,256,2021-12-09 00:00:00,37.466222,-79.117738,84936
"Orangeburg, SC",3615 St Matthews Rd,Orangeburg,SOUTH CAROLINA,29118,USA,8,250.0,98,2021-11-17 00:00:00,33.552408,-80.828133,20873
"Gainesville - NW 39th Ave, FL",9401 Northwest 39th Avenue,Gainesville,FLORIDA,32606,USA,7,250.0,57,2023-03-31 00:00:00,29.688578,-82.443183,254878
"Las Vegas - South Eastern Ave, NV",5825 S Eastern Ave,Las Vegas,NEVADA,89119,USA,12,250.0,616,2022-04-10 00:00:00,36.082221,-115.121054,47361
"Rockford - McFarland Rd, IL",3155 McFarland Rd,Rockford,ILLINOIS,61114,USA,12,250.0,267,2021-12-19 00:00:00,42.306111,-88.976472,99573
"Pasadena - E Colorado Blvd, CA",3500 E Colorado Blvd,Pasadena,CALIFORNIA,91107,USA,16,250.0,207,2023-03-27 00:00:00,34.145015,-118.078417,1256646
"Long Beach, CA",6527 Pacific Coast Hwy,Long Beach,CALIFORNIA,90803,USA,20,250.0,3,2022-05-16 00:00:00,33.7574,-118.1074,1256646
"Tustin - Red Hill Ave, CA",14521 Red Hill Ave,Tustin,CALIFORNIA,92780,USA,12,250.0,28,2022-09-20 00:00:00,33.727381,-117.821821,1256646
"Ennis, TX",1181 Creechville Rd,Ennis,TEXAS,75119,USA,24,250.0,153,2022-10-25 00:00:00,32.324308,-96.606375,230125
"Buttonwillow - Cal Club Rd, CA",24551 W Lerdo Hwy,Buttonwillow,CALIFORNIA,93206,USA,16,250.0,77,2022-09-12 00:00:00,35.497199,-119.554591,1256646
"Cranbury, NJ",Molly Pitcher Service Area,Cranbury,NEW JERSEY,8512,USA,8,250.0,34,2015-07-09 00:00:00,40.32244,-74.4869,134753
"East Rutherford, NJ",1 American Dream Way,East Rutherford,NEW JERSEY,7073,USA,16,250.0,2,2022-12-22 00:00:00,40.811556,-74.064862,134753
"Minocqua, WI",8700 Blumenstein Rd,Minocqua,WISCONSIN,54548,USA,8,250.0,487,2022-11-17 00:00:00,45.887409,-89.720831,24943
"Van Horn - W Broadway St, TX",1807 W Broadway St,Van Horn,TEXAS,77707,USA,12,250.0,1255,2023-05-18 00:00:00,31.037265,-104.854816,230125
"Columbia - Harbison Blvd, SC",320 Harbison Blvd,Columbia,SOUTH CAROLINA,29212,USA,16,250.0,84,2022-08-01 00:00:00,34.0729,-81.155649,20873
"Fort Valley, GA",7001 Russell Pkwy,Fort Valley,GEORGIA,31030,USA,16,250.0,139,2022-08-31 00:00:00,32.58434,-83.740022,92368
"Victorville, CA",14598 7th St,Victorville,CALIFORNIA,92395,USA,16,250.0,897,2022-12-20 00:00:00,34.517047,-117.313614,1256646
"Tulsa, OK",7380 S Olympia Ave,Tulsa,OKLAHOMA,74132,USA,24,250.0,230,2023-03-23 00:00:00,36.054073,-96.004734,22843
"Wells, ME",1517 Post Rd,Wells,MAINE,4090,USA,8,250.0,21,2023-05-26 00:00:00,43.32076,-70.5806,7377
"Perth Amboy, NJ",365 Convery Blvd,Perth Amboy,NEW JERSEY,8861,USA,8,250.0,24,2022-12-20 00:00:00,40.516738,-74.285902,134753
"Overland Park, KS",9545 Antioch Rd,Overland Park,KANSAS,66212,USA,12,250.0,284,2023-03-10 00:00:00,38.95535,-94.685593,11271
"Quincy, WA",16010 Rd 1 NW,Quincy,WASHINGTON,98848,USA,8,250.0,374,2022-12-29 00:00:00,47.103877,-119.833007,152101
"Cayce, SC",3040 Charleston Hwy,Cayce,SOUTH CAROLINA,29172,USA,12,250.0,67,2023-02-08 00:00:00,33.928112,-81.078255,20873
"West Unity - Tiffin River Service Plaza, OH","Tiffin River Service Plaza, I-80 East",West Unity,OHIO,43570,USA,8,250.0,240,2023-05-24 00:00:00,41.603667,-84.408721,50393
"West Unity - Indian Meadow Service Plaza, OH","Indian Meadow Service Plaza, I-80 West",West Unity,OHIO,43570,USA,8,250.0,240,2023-05-24 00:00:00,41.605252,-84.406468,50393
"Melissa, TX",1550 Central Expy,Melissa,TEXAS,75454,USA,8,250.0,196,2022-12-15 00:00:00,33.270374,-96.592973,230125
"Matthews, NC",2309 Matthews Township Pkwy,Matthews,NORTH CAROLINA,28105,USA,12,250.0,214,2023-03-28 00:00:00,35.12847,-80.700301,70164
"Tacoma, WA",5219 Tacoma Mall Blvd,Tacoma,WASHINGTON,98409,USA,12,250.0,102,2023-03-15 00:00:00,47.209113,-122.462621,152101
"Fernley, NV",1330 Hwy 95A N,Fernley,NEVADA,89408,USA,12,250.0,1259,2022-11-24 00:00:00,39.609596,-119.220483,47361
"Dunnigan, CA",30038 County Road 8,Dunnigan,CALIFORNIA,95937,USA,8,250.0,17,2022-11-24 00:00:00,38.862861,-121.951538,1256646
"Charlotte - Providence Rd, NC",10828 Providence Rd,Charlotte,NORTH CAROLINA,28277,USA,12,250.0,211,2022-09-30 00:00:00,35.062335,-80.770842,70164
"Vacaville - Alamo Dr, CA",870 Alamo Dr,Vacaville,CALIFORNIA,95688,USA,12,250.0,54,2023-04-18 00:00:00,38.347268,-121.999145,1256646
"Valencia, CA",27750 The Old Rd,Valencia,CALIFORNIA,91355,USA,8,250.0,328,2022-12-15 00:00:00,34.4237,-118.5845,1256646
"Fairfield - 3001 Travis Blvd, CA",3001 Travis Blvd,Fairfield,CALIFORNIA,94534,USA,12,250.0,13,2023-03-01 00:00:00,38.257435,-122.065449,1256646
"Anaheim - W Lincoln Ave, CA",1128 W Lincoln Ave,Anaheim,CALIFORNIA,92805,USA,16,250.0,44,2022-12-08 00:00:00,33.8321991,-117.9293952,1256646
"Lake Forest - Muirlands Blvd, CA",24301 Muirlands Blvd,Lake Forest,CALIFORNIA,92630,USA,24,250.0,113,2023-02-27 00:00:00,33.629413,-117.705886,1256646
"Mission Viejo - Crown Valley Pkwy, CA",27741 Crown Valley Pkwy,Mission Viejo,CALIFORNIA,92691,USA,8,72.0,90,2021-12-24 00:00:00,33.5607,-117.672028,1256646
"Grass Valley, CA",692 Freeman Lane,Grass Valley,CALIFORNIA,95949,USA,12,250.0,744,2023-05-25 00:00:00,39.199798,-121.064216,1256646
"Palo Alto - Bryant St, CA",445 Bryant St,Palo Alto,CALIFORNIA,94301,USA,19,250.0,18,2022-09-03 00:00:00,37.446507,-122.162028,1256646
"Walnut Creek, CA",2290 Oak Grove Rd,Walnut Creek,CALIFORNIA,94598,USA,12,250.0,37,2023-06-02 00:00:00,37.930078,-122.014812,1256646
"Santa Monica - Cloverfield Blvd, CA",1819 Cloverfield Blvd,Santa Monica,CALIFORNIA,90404,USA,16,250.0,49,2022-10-21 00:00:00,34.025098,-118.469543,1256646
"College Station - Texas Ave S, TX",1910 Texas Ave S,College Station,TEXAS,77840,USA,8,250.0,93,2022-12-13 00:00:00,30.612968,-96.31709,230125
"Lake Elsinore - Grape Street, CA",31500 Grape Street,Lake Elsinore,CALIFORNIA,92532,USA,16,250.0,416,2022-12-16 00:00:00,33.65937259957883,-117.29450572076,1256646
"Coalinga, CA",24553 W Dorris Ave,Coalinga,CALIFORNIA,93210,USA,80,250.0,141,2022-12-15 00:00:00,36.253519,-120.240461,1256646
"Little Ferry, NJ",260 Bergen Tpke,Little Ferry,NEW JERSEY,7643,USA,12,250.0,2,2022-12-16 00:00:00,40.855059,-74.0333262,134753
"New Port Richey, FL",4026 US-19,New Port Richey,FLORIDA,34652,USA,8,250.0,10,2022-12-29 00:00:00,28.218029,-82.736177,254878
"Shenandoah - Metropark Dr, TX",8811 Metropark Drive,Shenandoah,TEXAS,77385,USA,8,250.0,39,2022-11-25 00:00:00,30.194964,-95.452548,230125
"Austin - S Lamar Blvd, TX",4211 S Lamar Blvd,Austin,TEXAS,78704,USA,12,250.0,212,2021-12-30 00:00:00,30.233293,-97.793053,230125
"Tully, NY",5755 NY-80,Tully,NEW YORK,13159,USA,12,250.0,384,2023-02-15 00:00:00,42.800041,-76.121849,131250
"Vancouver - NE Fourth Plain Blvd (SC), WA",6916 NE Fourth Plain Blvd,Vancouver,WASHINGTON,98661,USA,12,250.0,65,2023-01-14 00:00:00,45.645661,-122.601249,152101
"Spring, TX",294 Cypresswood Dr,Spring,TEXAS,77388,USA,8,250.0,31,2022-10-01 00:00:00,30.050304,-95.438361,230125
"Moab - N Main St, UT",890 N Main St,Moab,UTAH,84532,USA,8,250.0,1229,2023-01-11 00:00:00,38.585988,-109.5566,39998
"Vicksburg, MS",4116 Washington St,Vicksburg,MISSISSIPPI,39180,USA,12,250.0,44,2022-08-12 00:00:00,32.313976,-90.89987,3590
"Spring - Spring Stuebner Rd, TX",2102-2180 Spring Stuebner Road,Spring,TEXAS,77389,USA,15,250.0,40,2023-03-28 00:00:00,30.085513,-95.449924,230125
"Big Spring, TX",501 Birdwell Ln,Big Spring,TEXAS,79720,USA,16,250.0,735,2022-12-09 00:00:00,32.258114,-101.453323,230125
"Adairsville - Union Grove Rd, GA",601 Union Grove Rd SE,Adairsville,GEORGIA,30103,USA,12,250.0,210,2022-08-31 00:00:00,34.440386,-84.91532,92368
"Cary - Bass Pro Ln, NC",801 Bass Pro Ln,Cary,NORTH CAROLINA,27513,USA,12,250.0,135,2022-08-05 00:00:00,35.831585,-78.769044,70164
"Mariposa, CA",5034 Coakley Circle,Mariposa,CALIFORNIA,95338,USA,12,250.0,605,2023-05-12 00:00:00,37.488952,-119.972428,1256646
"Plano - Windhaven Pkwy, TX",6101 Windhaven Pkwy,Plano,TEXAS,79093,USA,12,250.0,211,2022-10-21 00:00:00,33.05595,-96.8308638,230125
"Cleveland - Euclid Ave, OH",8037 Euclid Ave,Cleveland,OHIO,44103,USA,12,250.0,205,2023-03-20 00:00:00,41.504182,-81.63245,50393
"East Haven, CT",96 Frontage Rd,East Haven,CONNECTICUT,6512,USA,12,250.0,5,2023-03-28 00:00:00,41.286296,-72.877392,31557
"Quanah, TX",1201 W. 11th St,Quanah,TEXAS,79252,USA,8,250.0,482,2022-12-22 00:00:00,34.291728,-99.755215,230125
"West Chester, PA",1050 West Chester Pike,West Chester,PENNSYLVANIA,19382,USA,8,250.0,136,2023-03-04 00:00:00,39.967429,-75.576678,70154
"Temple, TX",4155 N General Bruce Dr,Temple,TEXAS,76501,USA,48,250.0,215,2023-02-02 00:00:00,31.13776,-97.329332,230125
"Gulf Breeze, FL",1430 Tiger Park Lane,Gulf Breeze,FLORIDA,32563,USA,12,250.0,5,2023-04-14 00:00:00,30.389314,-87.062227,254878
"Peachtree City, GA",239 City Circle #1050,Peachtree City,GEORGIA,30269,USA,8,250.0,274,2023-02-16 00:00:00,33.396462,-84.593126,92368
"San Clemente, CA",101 West Avenida Vista Hermosa,San Clemente,CALIFORNIA,92672,USA,49,250.0,46,2017-11-17 00:00:00,33.437177,-117.62712,1256646
"Grapevine - E Northwest Hwy, TX",477 E Northwest Highway,Grapevine,TEXAS,76051,USA,8,250.0,186,2023-04-12 00:00:00,32.941334,-97.073611,230125
"Charleston, SC",2070 Sam Rittenberg Blvd,Charleston,SOUTH CAROLINA,29407,USA,12,250.0,4,2023-05-01 00:00:00,32.798239,-80.029175,20873
"Pompano Beach - N Federal Hwy, FL",3601 N Federal Hwy,Pompano Beach,FLORIDA,33064,USA,7,250.0,3,2023-01-28 00:00:00,26.276244,-80.098192,254878
"Denver - E 45th Ave, CO",12075 E 45th Ave,Denver,COLORADO,80239,USA,8,250.0,1622,2023-04-07 00:00:00,39.778341,-104.848415,90083
"Atkins, VA",5558 Lee Hwy,Atkins,VIRGINIA,34311,USA,8,250.0,699,2022-12-22 00:00:00,36.86455,-81.433527,84936
"Beaumont - Oak Valley Village Cir, CA",1815 Oak Valley Village Cir,Beaumont,CALIFORNIA,92223,USA,24,250.0,762,2022-12-16 00:00:00,33.946913,-117.00056,1256646
"Clemmons, NC",2531 Lewisville Clemmons Rd,Clemmons,NORTH CAROLINA,27012,USA,12,250.0,247,2023-01-04 00:00:00,36.030526,-80.381435,70164
"Houston - Louetta Rd, TX",10850 Louetta Rd,Houston,TEXAS,77070,USA,14,250.0,40,2023-02-02 00:00:00,29.997117,-95.575736,230125
"Costa Mesa - Hyland Ave, CA",3303 Hyland Ave,Costa Mesa,CALIFORNIA,92626,USA,8,250.0,9,2023-04-10 00:00:00,33.692874,-117.92514,1256646
"Yermo - Sunrise Canyon Rd, CA",40865 Sunrise Canyon Rd,Yermo,CALIFORNIA,92398,USA,40,250.0,577,2023-05-24 00:00:00,34.919528,-116.769185,1256646
"West Covina, CA",2650 E Garvey Ave,West Covina,CALIFORNIA,91791,USA,16,250.0,147,2022-10-31 00:00:00,34.070663,-117.889053,1256646
"Fullerton, CA",205 E Orangethorpe Ave,Fullerton,CALIFORNIA,92832,USA,16,250.0,47,2022-10-06 00:00:00,33.859694,-117.921706,1256646
"Royse City, TX",5005 I-30,Royse City,TEXAS,75189,USA,8,250.0,169,2023-03-09 00:00:00,32.979184,-96.296371,230125
"Blakeslee, PA",296 PA-940,Blakeslee,PENNSYLVANIA,18610,USA,12,250.0,511,2022-11-26 00:00:00,41.092297,-75.591828,70154
"Lakewood, CA",5603 Woodruff Ave,Lakewood,CALIFORNIA,90713,USA,20,250.0,16,2022-12-06 00:00:00,33.858572,-118.116389,1256646
"Miramar - Miramar Pkwy, FL",12100 Miramar Pkwy,Miramar,FLORIDA,33025,USA,16,250.0,0,2023-02-09 00:00:00,25.976412,-80.310779,254878
"Fairfield, OH",6325 S Gilmore Rd,Fairfield,OHIO,45014,USA,12,250.0,246,2023-03-30 00:00:00,39.303803,-84.525312,50393
"Rotterdam, NY",647 Mariaville Rd,Rotterdam,NEW YORK,12306,USA,8,250.0,108,2023-03-28 00:00:00,42.793371,-74.004721,131250
"West Chester Township, OH",7390 Tylersville Rd,West Chester,OHIO,45069,USA,12,250.0,261,2023-03-28 00:00:00,39.35612,-84.374546,50393
"Michigan City, IN",5150 Franklin St,Michigan City,INDIANA,46360,USA,20,250.0,201,2020-03-24 00:00:00,41.673833,-86.891234,26101
"Providence, RI",288 Kinsley Ave,Providence,RHODE ISLAND,2903,USA,8,250.0,4,2022-12-21 00:00:00,41.828441,-71.42697,6396
"Carlsbad - Van Allen Way, CA",5806 Van Allen Way,Carlsbad,CALIFORNIA,92008,USA,8,250.0,75,2023-05-04 00:00:00,33.13507,-117.288012,1256646
"Long Beach - Long Beach Blvd, CA",6590 Long Beach Blvd,Long Beach,CALIFORNIA,90805,USA,8,250.0,18,2023-05-09 00:00:00,33.87396,-118.202413,1256646
"Chesterton, IN",704 Plaza Dr,Chesterton,INDIANA,46304,USA,12,250.0,194,2023-03-15 00:00:00,41.617607,-87.044702,26101
"Holland, MI",746 E 16th St,Holland,MICHIGAN,49423,USA,12,250.0,208,2022-09-01 00:00:00,42.781417,-86.077194,50284
"North Richland Hills, TX",8245 Precinct Line Rd,North Richland Hills,TEXAS,76182,USA,8,250.0,207,2022-12-21 00:00:00,32.906757,-97.187269,230125
"Dallas - S Riverfront Blvd, TX",801 S Riverfront Blvd,Dallas,TEXAS,75207,USA,10,250.0,121,2022-08-31 00:00:00,32.767263,-96.807846,230125
"Primm, NV",31900 Las Vegas Blvd S,Primm,NEVADA,89019,USA,42,250.0,795,2014-11-26 00:00:00,35.610687,-115.388028,47361
"Potsdam, NY",26 Maple St,Potsdam,NEW YORK,13676,USA,4,250.0,124,2022-09-28 00:00:00,44.667002,-74.990238,131250
"El Portal, CA",11136 CA-140,El Portal,CALIFORNIA,95318,USA,8,250.0,639,2022-11-01 00:00:00,37.679047,-119.763477,1256646
"Visalia, CA",6603 Betty Dr,Visalia,CALIFORNIA,93291,USA,19,250.0,86,2022-10-15 00:00:00,36.350804,-119.4247,1256646
"Las Vegas - W Tropical Pkwy, NV",7860 W Tropical Pkwy,Las Vegas,NEVADA,89149,USA,8,250.0,732,2022-11-18 00:00:00,36.271532,-115.265931,47361
"Sanford, NC",818 Spring Lane,Sanford,NORTH CAROLINA,27330,USA,12,250.0,98,2022-11-30 00:00:00,35.488112,-79.193398,70164
"McLeansville, NC",1810 Mt Hope Church Rd,McLeansville,NORTH CAROLINA,27301,USA,8,250.0,215,2023-03-07 00:00:00,36.056164,-79.660102,70164
"Portsmouth, VA",720 London St,Portsmouth,VIRGINIA,23704,USA,8,250.0,2,2023-03-16 00:00:00,36.837402,-76.306478,84936
"Tustin - Flight Way, CA",1705 Flight Way,Tustin,CALIFORNIA,92782,USA,7,250.0,15,2022-12-20 00:00:00,33.704288,-117.836881,1256646
"Malvern, PA",5 Matthews Rd,Malvern,PENNSYLVANIA,19355,USA,8,250.0,92,2023-03-16 00:00:00,40.050647,-75.525104,70154
"Downingtown, PA",5031 Horseshoe Pike,Downingtown,PENNSYLVANIA,19335,USA,8,250.0,78,2022-12-13 00:00:00,40.012206,-75.721504,70154
"Las Vegas - Cambridge St, NV",3356 South University Center Drive,Las Vegas,NEVADA,89169,USA,8,250.0,617,2023-05-26 00:00:00,36.12875,-115.143823,47361
"Sebastian, FL",10950 Fellsmere Rd,Sebastian,FLORIDA,32958,USA,8,250.0,8,2022-12-09 00:00:00,27.767877,-80.549569,254878
"Parachute, CO",28 Cardinal Way,Parachute,COLORADO,81635,USA,12,250.0,1549,2022-10-01 00:00:00,39.45242,-108.04582,90083
"Dateland, AZ",1737 Ave 64 E,Dateland,ARIZONA,85333,USA,40,250.0,137,2023-04-01 00:00:00,32.798797,-113.540003,89798
"Lansing - S Pennsylvania Ave, MI",6200 S Pennsylvania Ave,Lansing,MICHIGAN,48911,USA,12,250.0,264,2022-10-20 00:00:00,42.66705,-84.54091,50284
"Greenwich - Southbound, CT",2000 Merritt Pkwy,Greenwich,CONNECTICUT,6830,USA,4,150.0,81,2014-02-12 00:00:00,41.040555,-73.673445,31557
"Sutton, WV",2001 Sutton Ln,Sutton,WEST VIRGINIA,26601,USA,8,250.0,324,2022-10-03 00:00:00,38.700389,-80.664472,2758
"Mt Airy - Graceland Ln, NC",110 Graceland ln,Mt Airy,NORTH CAROLINA,27030,USA,8,250.0,348,2022-10-08 00:00:00,36.485545,-80.744773,70164
"Crawfordville, FL","3192 Coastal Highway, Crawfordville, FL",Crawfordville,FLORIDA,32327,USA,8,250.0,11,2023-03-23 00:00:00,30.106972,-84.379597,254878
"Lathrop, CA",192 Lathrop Rd,Lathrop,CALIFORNIA,95330,USA,11,250.0,6,2022-09-14 00:00:00,37.826148,-121.285965,1256646
"District Heights, MD",2151 Brooks Dr,District Heights,MARYLAND,20747,USA,8,250.0,78,2023-05-16 00:00:00,38.861631,-76.918594,72139
"Las Vegas - Tivoli Village (Urban), NV",400 S Rampart Blvd,Las Vegas,NEVADA,89145,USA,6,72.0,820,2019-05-24 00:00:00,36.168897,-115.286579,47361
"Las Vegas - Tivoli Village, NV","Tivoli Village, 330 S Rampart Blvd",Las Vegas,NEVADA,89145,USA,2,150.0,819,2019-05-25 00:00:00,36.168474,-115.286829,47361
"Tukwila - Strander Blvd, WA",333 Strander Blvd,Tukwila,WASHINGTON,98188,USA,16,250.0,8,2022-11-09 00:00:00,47.455273,-122.256631,152101
"Howell Township, NJ",4690 US-9,Howell Township,NEW JERSEY,7731,USA,12,250.0,35,2022-12-22 00:00:00,40.137212,-74.225678,134753
"Paramus, NJ",530 New Jersey 17,Paramus,NEW JERSEY,7652,USA,8,150.0,15,2014-11-26 00:00:00,40.957429,-74.07408,134753
"Greenville - Haywood Rd, SC",605 Haywood Road,Greenville,SOUTH CAROLINA,29607,USA,12,250.0,306,2023-04-29 00:00:00,34.848232,-82.339496,20873
"Ellenton, FL",5461 Factory Shops Blvd,Ellenton,FLORIDA,34222,USA,16,250.0,5,2022-12-28 00:00:00,27.537933,-82.507363,254878
"Pooler - US 80, GA",907 US-80,Pooler,GEORGIA,31322,USA,11,250.0,8,2022-12-30 00:00:00,32.110766,-81.235803,92368
"Vallejo, CA",904 Admiral Callaghan Ln,Vallejo,CALIFORNIA,94591,USA,18,150.0,30,2019-06-21 00:00:00,38.131215,-122.223369,1256646
"Ochopee, FL",47801 W State Rd 84,Ochopee,FLORIDA,34141,USA,12,250.0,4,2020-02-14 00:00:00,26.174361,-80.855694,254878
"Lafayette, IN",4901 Indiana 26,Lafayette,INDIANA,47905,USA,24,250.0,202,2014-10-10 00:00:00,40.416187,-86.814084,26101
"North East - Pulaski Hwy, MD",2031 Pulaski Hwy,North East,MARYLAND,21901,USA,12,250.0,22,2023-03-15 00:00:00,39.612899,-75.930972,72139
"Richmond - Pierce St, CA",3288 Pierce St,Richmond,CALIFORNIA,94804,USA,16,250.0,4,2020-05-30 00:00:00,37.898736,-122.308672,1256646
"Plano - W Spring Creek Pkwy, TX",7040 W Spring Creek Pkwy,Plano,TEXAS,75024,USA,8,250.0,203,2023-03-02 00:00:00,33.08204,-96.850233,230125
"Houston - Piping Rock Ln, TX",2344 Piping Rock Ln,Houston,TEXAS,77077,USA,8,250.0,27,2022-12-31 00:00:00,29.740638,-95.645831,230125
"Nephi, UT",2100 S Main St,Nephi,UTAH,84648,USA,8,150.0,1555,2014-06-11 00:00:00,39.678083,-111.840906,39998
"Sparks, NV",700 N McCarran Blvd,Sparks,NEVADA,89431,USA,8,250.0,1340,2023-05-15 00:00:00,39.538137,-119.733926,47361
"Hawthorne - W 120th St, CA",2700 W 120th St,Hawthorne,CALIFORNIA,90250,USA,20,250.0,21,2020-10-05 00:00:00,33.923198,-118.322218,1256646
"South River, NJ",656 Old Bridge Tpke,South River,NEW JERSEY,8882,USA,8,250.0,31,2022-10-05 00:00:00,40.461954,-74.400916,134753
"Houston - 9633 Westheimer Rd (SC), TX",9633 Westheimer Rd,Houston,TEXAS,77063,USA,16,250.0,21,2021-05-28 00:00:00,29.735982,-95.538575,230125
"Tustin - Franklin Ave, CA",14461 Franklin Ave,Tustin,CALIFORNIA,92780,USA,36,250.0,19,2023-05-26 00:00:00,33.716605,-117.810303,1256646
"Yucca Valley, CA",57220 Twentynine Palms Hwy,Yucca Valley,CALIFORNIA,92284,USA,16,250.0,993,2022-09-24 00:00:00,34.12375,-116.415727,1256646
"Atlanta - Lenox Rd, GA",3393 Peachtree Rd NE,Atlanta,GEORGIA,30326,USA,16,72.0,291,2018-08-24 00:00:00,33.846445,-84.360194,92368
"McKinney, TX",7703 Stacy Rd,McKinney,TEXAS,75070,USA,8,250.0,221,2022-11-08 00:00:00,33.151713,-96.717299,230125
"Phoenix - E Mayo Blvd, AZ",7000 E Mayo Blvd,Phoenix,ARIZONA,85054,USA,20,250.0,484,2022-09-27 00:00:00,33.657,-111.9298,89798
"Dartmouth, MA",380 State Rd,Dartmouth,MASSACHUSETTS,2747,USA,12,250.0,38,2022-05-14 00:00:00,41.642293,-70.99753,73768
"Iowa - Henry's Travel Plaza, LA",14390 LA-101,Iowa,LOUISIANA,70647,USA,16,250.0,5,2022-12-22 00:00:00,30.241331,-92.927732,8150
"Columbia - Town Center Place, SC","Village at Sandhill, 494 Town Center Pl",Columbia,SOUTH CAROLINA,29229,USA,12,250.0,135,2023-01-19 00:00:00,34.126889,-80.8779862,20873
"Renton - SW 41st St, WA",601 SW 41st St,Renton,WASHINGTON,98057,USA,16,250.0,7,2023-05-20 00:00:00,47.443115,-122.225157,152101
"Windham, ME",797 Roosevelt Tr,Windham,MAINE,4062,USA,8,250.0,95,2023-03-30 00:00:00,43.84163,-70.441768,7377
"McKinney - University Dr, TX",3526 W University Dr,McKinney,TEXAS,75071,USA,8,250.0,199,2022-12-16 00:00:00,33.21747,-96.65721,230125
"Ashburn, GA",823 E Washington Ave,Ashburn,GEORGIA,31714,USA,16,250.0,131,2022-11-18 00:00:00,31.712344,-83.638266,92368
"Roswell, GA",1570 Holcomb Bridge Rd,Roswell,GEORGIA,30076,USA,12,250.0,309,2022-11-20 00:00:00,34.019005,-84.312888,92368
"London, KY",140 Faith Assembly Church Rd,London,KENTUCKY,40741,USA,14,250.0,361,2015-02-04 00:00:00,37.14916,-84.11385,11617
"Northridge, CA",9022 Tampa Ave,Northridge,CALIFORNIA,91324,USA,24,250.0,252,2022-11-23 00:00:00,34.23471,-118.55287,1256646
"Beaverton, OR",3205 SW Cedar Hills Blvd,Beaverton,OREGON,97005,USA,12,250.0,64,2023-01-31 00:00:00,45.5010128,-122.8096413,64361
"Pottstown, PA",260 W Schuylkill Rd,Pottstown,PENNSYLVANIA,19465,USA,12,250.0,59,2023-01-19 00:00:00,40.2330528,-75.657935,70154
"Flagstaff - Hwy 89, AZ",5650 US-89,Flagstaff,ARIZONA,86004,USA,24,250.0,2101,2023-02-21 00:00:00,35.2328,-111.5756,89798
"Parish, NY",3039 County Rte 26,Parish,NEW YORK,13131,USA,8,250.0,152,2023-01-08 00:00:00,43.408589,-76.114268,131250
"Houston - Westheimer Rd, TX",5135 1/2 W. Alabama St,Houston,TEXAS,77056,USA,16,250.0,18,2021-07-02 00:00:00,29.7377385,-95.4639171,230125
"Burlington, WA",9384 Old Highway 99,Burlington,WASHINGTON,98233,USA,10,150.0,7,2013-07-13 00:00:00,48.509772,-122.338625,152101
"Lamont, FL",5200 S Jefferson,Lamont,FLORIDA,32336,USA,8,250.0,69,2022-11-24 00:00:00,30.472366,-83.892265,254878
"Bristol, PA",5900 Bristol Pike,Bristol,PENNSYLVANIA,19007,USA,8,250.0,9,2023-03-13 00:00:00,40.118187,-74.844438,70154
"Woodburn, OR",255 N Arney Rd,Woodburn,OREGON,97071,USA,12,250.0,56,2013-08-28 00:00:00,45.15313,-122.881254,64361
"Mechanicsburg, PA",1415 S Market St,Mechanicsburg,PENNSYLVANIA,17055,USA,8,250.0,142,2023-02-07 00:00:00,40.194428,-76.992163,70154
"Batavia, NY",4192 Veterans Memorial Dr,Batavia,NEW YORK,14020,USA,12,250.0,275,2022-11-24 00:00:00,43.017313,-78.201531,131250
"Manchester, NH",1111 South Willow St,Manchester,NEW HAMPSHIRE,3103,USA,8,250.0,79,2023-04-17 00:00:00,42.961287,-71.439058,9861
"Claysburg, PA",12604 Dunnings Hwy,Claysburg,PENNSYLVANIA,16625,USA,8,250.0,372,2022-11-04 00:00:00,40.273656,-78.459913,70154
"Dothan, AL",1151 Ross Clark Cir,Dothan,ALABAMA,36301,USA,12,250.0,91,2022-12-07 00:00:00,31.212985,-85.361437,13047
"Fredonia, NY",10390 Bennett Road,Fredonia,NEW YORK,14063,USA,12,250.0,229,2022-10-03 00:00:00,42.454125,-79.30869,131250
"Washington, IN",1 Gateway Dr,Washington,INDIANA,47501,USA,8,250.0,150,2022-11-24 00:00:00,38.65239,-87.133018,26101
"Barstow - E Virginia Way, CA",502 E Virginia Way,Barstow,CALIFORNIA,92311,USA,10,250.0,721,2022-11-19 00:00:00,34.8864348,-117.0198947,1256646
"Brea - S Madrona Ave, CA",175 S Madrona Ave,Brea,CALIFORNIA,92821,USA,24,250.0,109,2022-10-10 00:00:00,33.919492,-117.902014,1256646
"Bealeton, VA",10101 James Madison Hwy,Bealeton,VIRGINIA,22712,USA,8,250.0,136,2021-11-19 00:00:00,38.619784,-77.799832,84936
"Abilene, KS",1900 N Buckeye Ave,Abilene,KANSAS,67410,USA,12,250.0,371,2022-11-15 00:00:00,38.935417,-97.215371,11271
"Phoenix - N 19th Ave, AZ",5715 N 19th Ave,Phoenix,ARIZONA,85015,USA,12,250.0,351,2022-11-14 00:00:00,33.521819,-112.098656,89798
"San Antonio - N Loop 1604 E, TX",18320 Tuscany Stone,San Antonio,TEXAS,78232,USA,15,250.0,291,2022-10-07 00:00:00,29.610486,-98.488594,230125
"Santa Monica, CA",1401 Santa Monica Blvd,Santa Monica,CALIFORNIA,90404,USA,62,250.0,41,2022-02-18 00:00:00,34.024585,-118.485771,1256646
"Victorville - Amargosa Rd, CA","Restaurant Row, 11604 Amargosa Rd",Victorville,CALIFORNIA,92392,USA,16,250.0,983,2023-01-26 00:00:00,34.463156,-117.354375,1256646
"Houston - 12523 Westheimer Rd, TX",12523 Westheimer Rd,Houston,TEXAS,77082,USA,16,250.0,24,2023-03-24 00:00:00,29.734364,-95.605596,230125
"Orlando - Central Florida Pkwy, FL",5910 Central Florida Pkwy,Orlando,FLORIDA,32821,USA,8,250.0,27,2023-01-26 00:00:00,28.405944,-81.457879,254878
"Mesquite - Mesa Blvd, NV",275 Mesa Blvd,Mesquite,NEVADA,89027,USA,8,250.0,508,2022-10-10 00:00:00,36.815991,-114.064751,47361
"Eloy, AZ",3125 N Toltec Rd,Eloy,ARIZONA,85131,USA,28,250.0,141,2023-03-21 00:00:00,32.78255,-111.61868,89798
"North Myrtle Beach, SC",4898 Hwy 17 S,North Myrtle Beach,SOUTH CAROLINA,29582,USA,8,250.0,4,2023-05-19 00:00:00,33.79857,-78.746356,20873
"Decatur - E Ponce de Leon Ave, GA",118 E Ponce de Leon Ave,Decatur,GEORGIA,30030,USA,16,250.0,315,2023-03-22 00:00:00,33.776189,-84.295612,92368
"Colorado Springs - Forest Bluffs, CO",9297 Forest Bluffs View,Colorado Springs,COLORADO,80920,USA,16,250.0,2051,2023-04-07 00:00:00,38.965808,-104.785785,90083
"North Conway, NH",32 Mountain Valley Blvd,North Conway,NEW HAMPSHIRE,3860,USA,8,250.0,149,2021-12-23 00:00:00,44.020271,-71.113742,9861
"Marysville, CA",5416 Lindhurst Ave,Marysville,CALIFORNIA,95901,USA,8,250.0,19,2023-02-06 00:00:00,39.111142,-121.55662,1256646
"Gaithersburg - Watkins Mill Rd, MD",690 Watkins Mill Rd,Gaithersburg,MARYLAND,20879,USA,7,250.0,128,2023-03-14 00:00:00,39.158124,-77.222372,72139
"Frisco - Preston Road, TX",2943 Preston Rd,Frisco,TEXAS,75034,USA,12,250.0,221,2023-02-07 00:00:00,33.102512,-96.808762,230125
"Fredericksburg - Jefferson Davis Hwy, VA",10060 Jefferson Davis Hwy,Fredericksburg,VIRGINIA,22407,USA,7,250.0,79,2023-01-31 00:00:00,38.194184,-77.50741,84936
"Tarpon Springs, FL",1171 S Pinellas Ave,Tarpon Springs,FLORIDA,34689,USA,12,250.0,1,2023-01-31 00:00:00,28.136633,-82.756734,254878
"Las Vegas - S Rampart Blvd, NV",Alta Drive,Las Vegas,NEVADA,89145,USA,12,250.0,813,2023-02-04 00:00:00,36.1680334,-115.2848652,47361
"Palmdale - 10th St W, CA",39626 10th St W,Palmdale,CALIFORNIA,93551,USA,24,250.0,813,2023-02-07 00:00:00,34.602239,-118.146111,1256646
"Portland - SW Broadway, OR",805 Southwest Broadway,Portland,OREGON,97205,USA,4,250.0,22,2023-02-10 00:00:00,45.5184429,-122.6804502,64361
"Edgewater, CO",5505 W 20th Ave,Edgewater,COLORADO,80214,USA,8,250.0,1625,2023-02-10 00:00:00,39.748186,-105.057756,90083
"Suwanee, GA",3186 Lawrenceville-Suwanee Rd,Suwanee,GEORGIA,30024,USA,12,250.0,325,2023-05-27 00:00:00,34.03393,-84.052624,92368
"Ocean City - 12502 Ocean Gateway, MD",12502 Ocean Gateway,Ocean City,MARYLAND,21842,USA,11,250.0,3,2023-02-16 00:00:00,38.339024,-75.119033,72139
"Mebane, NC",1237 Mebane Oaks Rd,Mebane,NORTH CAROLINA,27302,USA,8,250.0,202,2021-01-27 00:00:00,36.070176,-79.270532,70164
"Lebanon, IN",1377 S Lebanon Street,Lebanon,INDIANA,46052,USA,11,250.0,290,2023-03-24 00:00:00,40.035056,-86.469586,26101
"Arlington - E Bardin Rd, TX",130 E Bardin Rd,Arlington,TEXAS,76018,USA,8,250.0,199,2023-05-17 00:00:00,32.67022,-97.114009,230125
"Irvine - Main St, CA",1970 Main St,Irvine,CALIFORNIA,92614,USA,24,72.0,11,2020-12-26 00:00:00,33.684357,-117.851746,1256646
"Lewisburg, WV",222 Hunter Ln,Lewisburg,WEST VIRGINIA,24901,USA,8,250.0,324,2023-03-31 00:00:00,37.810341,-80.431295,2758
"Los Angeles - Venice Blvd, CA",8985 Venice Blvd,Los Angeles,CALIFORNIA,90034,USA,44,250.0,35,2023-03-09 00:00:00,34.027942,-118.393968,1256646
"Southaven, MS",150 Goodman Rd W,Southaven,MISSISSIPPI,38671,USA,8,250.0,98,2023-05-17 00:00:00,34.963441,-89.99184,3590
"Bettendorf, IA",4850 Competition Dr,Bettendorf,IOWA,52722,USA,12,250.0,224,2023-05-26 00:00:00,41.591965,-90.462753,9031
"Winnemucca, NV",1985 W Winnemucca Blvd,Winnemucca,NEVADA,89445,USA,8,250.0,1308,2015-02-18 00:00:00,40.958847,-117.746497,47361
"Commerce - Telegraph Rd, CA",6131 Telegraph Rd,Commerce,CALIFORNIA,90040,USA,40,250.0,44,2023-03-23 00:00:00,33.998539,-118.146359,1256646
"Conshohocken, PA",400 Alan Wood Rd,Conshohocken,PENNSYLVANIA,19428,USA,12,250.0,292,2023-05-26 00:00:00,40.094384,-75.308501,70154
"Pompton Lakes, NJ",55-63 Wanaque Ave,Pompton Lakes,NEW JERSEY,7442,USA,12,250.0,67,2023-03-23 00:00:00,41.008153,-74.293688,134753
"North Huntingdon - Ronda Ct, PA",101 Ronda Ct,North Huntingdon,PENNSYLVANIA,15642,USA,8,250.0,310,2023-05-04 00:00:00,40.316709,-79.683832,70154
"Cumberland, MD",210 Greene St,Cumberland,MARYLAND,21502,USA,4,250.0,194,2023-05-25 00:00:00,39.649685,-78.770171,72139
"Fenton, MO",950 Assembly Pkwy,Fenton,MISSOURI,63026,USA,8,250.0,134,2023-06-03 00:00:00,38.544304,-90.465508,26861
"Villa Park, IL",50 E North Ave,Villa Park,ILLINOIS,60181,USA,16,250.0,207,2023-05-24 00:00:00,41.906409,-87.9782135,99573
"Tejon Ranch - Outlets at Tejon Pkwy, CA",5701 Outlets at Tejon Pkwy,Arvin,CALIFORNIA,93203,USA,76,250.0,337,2021-09-01 00:00:00,34.985959,-118.94385,1256646
"Plainview, TX",808 N I-27,Plainview,TEXAS,79072,USA,8,250.0,1035,2023-04-06 00:00:00,34.188839,-101.749148,230125
"Monteagle, TN",754 W Main St,Monteagle,TENNESSEE,37356,USA,12,250.0,589,2023-04-21 00:00:00,35.237478,-85.850734,33221
"Gardendale, AL",1009 Pecan Ave,Gardendale,ALABAMA,35071,USA,8,250.0,200,2023-04-26 00:00:00,33.652452,-86.809625,13047
"Barstow - Tanger Way, CA",2796 Tanger Way,Barstow,CALIFORNIA,92311,USA,20,250.0,729,2022-05-27 00:00:00,34.8446,-117.0862,1256646
"Cypress, CA",4959 Katella Ave,Cypress,CALIFORNIA,90720,USA,16,250.0,8,2023-04-06 00:00:00,33.804336,-118.044231,1256646
"Effingham - Avenue of Mid-America, IL",1301 Avenue of Mid-America,Effingham,ILLINOIS,62401,USA,12,250.0,183,2023-04-05 00:00:00,39.138944,-88.562009,99573
"Santa Nella, CA",13070 CA-33,Santa Nella,CALIFORNIA,95322,USA,48,250.0,44,2022-08-18 00:00:00,37.100209,-121.012011,1256646
"St. George - S Convention Center Dr, UT",1835 S Convention Center Dr,St. George,UTAH,84790,USA,12,250.0,776,2023-05-25 00:00:00,37.077559,-113.5843,39998
"Chattanooga - Manufacturers Rd, TN",301 Manufacturers Rd,Chattanooga,TENNESSEE,37405,USA,12,250.0,204,2023-05-31 00:00:00,35.063323,-85.314938,33221
"Guin, AL",5750 AL-44,Guin,ALABAMA,35563,USA,12,250.0,197,2023-05-22 00:00:00,34.00972,-87.8349,13047
"Edison - Route 1, NJ",580 US-1,Edison,NEW JERSEY,8817,USA,8,250.0,32,2022-12-13 00:00:00,40.5062,-74.3936,134753
"Scotts Valley, CA",230 Mount Hermon Rd,Scotts Valley,CALIFORNIA,95066,USA,16,250.0,161,2020-01-30 00:00:00,37.047608,-122.027743,1256646
"Shirley, NY",999 Montauk Hwy,Shirley,NEW YORK,11967,USA,12,250.0,16,2022-04-16 00:00:00,40.804373,-72.860362,131250
"Raphine, VA","Comfort Inn, 713 Oakland Cir",Raphine,VIRGINIA,24472,USA,8,250.0,565,2023-05-17 00:00:00,37.930083,-79.234611,84936
"Normal - W Raab Rd, IL",610 W Raab Rd,Normal,ILLINOIS,61761,USA,12,250.0,249,Unknown,40.532717,-88.997291,99573
"King City, CA",600 Canal St,King City,CALIFORNIA,93930,USA,16,250.0,95,Unknown,36.202218,-121.12983,1256646
"Burbank - N Victory Blvd, CA",677 N Victory Blvd,Burbank,CALIFORNIA,91506,USA,24,250.0,175,Unknown,34.179384,-118.320974,1256646
"Gonzales, LA",2123 E Hwy 30,Gonzales,LOUISIANA,70737,USA,8,250.0,4,Unknown,30.210412,-90.944365,8150
"Upper Chichester, PA",489 Conchester Hwy,Upper Chichester,PENNSYLVANIA,19014,USA,8,250.0,35,Unknown,39.849302,-75.437827,70154
"South Jordan, UT",1309 S Jordan Pkwy,South Jordan,UTAH,84095,USA,12,250.0,1353,Unknown,40.561525,-111.930221,39998
"Wilmington - N College Rd, NC",2316 N College Rd,Wilmington,NORTH CAROLINA,28405,USA,12,250.0,11,Unknown,34.288493,-77.869352,70164
"Bishop - Rocking W Dr, CA",1331 Rocking W Dr,Bishop,CALIFORNIA,93514,USA,24,250.0,1263,Unknown,37.377287,-118.4226,1256646
"Orangeburg, NY",42 Orangetown Shopping Center,Orangeburg,NEW YORK,10962,USA,12,250.0,57,Unknown,41.044821,-73.954058,131250
"Wilkes-Barre Township, PA",3400 Wilkes Barre Twp Commons,Wilkes-Barre Township,PENNSYLVANIA,18702,USA,12,250.0,240,Unknown,41.238923,-75.845562,70154
"Cocoa, FL",923 W King St,Cocoa,FLORIDA,32922,USA,12,250.0,7,Unknown,28.355525,-80.741754,254878
"Dixon, CA",1305 Stratford Ave,Dixon,CALIFORNIA,95620,USA,12,250.0,21,Unknown,38.457893,-121.839806,1256646
"San Mateo - 2940 S Norfolk St, CA",2940 S Norfolk St,San Mateo,CALIFORNIA,94403,USA,12,250.0,2,Unknown,37.543787,-122.285551,1256646
"Leesburg - Compass Point Plaza, VA",565 Compass Point Plaza,Leesburg,VIRGINIA,20175,USA,8,250.0,110,Unknown,39.082459,-77.563051,84936
"El Dorado Hills, CA",3919 Park Dr,El Dorado Hills,CALIFORNIA,95762,USA,12,250.0,192,Unknown,38.656461,-121.070673,1256646
"San Mateo - 1876 S Norfolk St, CA",1876 S Norfolk St,San Mateo,CALIFORNIA,94403,USA,16,250.0,2,Unknown,37.55453,-122.293228,1256646
"Egg Harbor Township - E Black Horse Pike, NJ",6743 E Black Horse Pike,Egg Harbor Township,NEW JERSEY,8234,USA,12,250.0,13,Unknown,39.398471,-74.555401,134753
"Naples - Pine Ridge Rd, FL",2324 Pine Ridge Rd,Naples,FLORIDA,34109,USA,16,250.0,6,Unknown,26.209987,-81.769531,254878
"East Greenwich - Division St, RI",1149 Division St,Warwick,RHODE ISLAND,2818,USA,8,250.0,66,Unknown,41.664068,-71.492369,6396
"Eagan, MN",1940 Cliff Lake Rd,Eagan,MINNESOTA,55122,USA,12,250.0,273,Unknown,44.795144,-93.205603,37050
"Redding - Hilltop Dr, CA",1900 Hilltop Dr,Redding,CALIFORNIA,96002,USA,44,250.0,176,Unknown,40.578643,-122.359162,1256646
"Boulder - 28th St, CO",3100 28th St,Boulder,COLORADO,80301,USA,8,250.0,1619,Unknown,40.031566,-105.257368,90083
"Napa - Bel Aire Plaza, CA",4000 Bel Aire Plaza,Napa,CALIFORNIA,94558,USA,8,250.0,22,Unknown,38.321869,-122.307381,1256646
"Olema, CA",10005 Coastal Hwy,Olema,CALIFORNIA,94950,USA,6,150.0,18,Unknown,38.040224,-122.788345,1256646
"Lana'i City, HI",1001 Fraser Av,Lana'i City,HAWAII,96763,USA,4,250.0,472,Unknown,20.820569,-156.919888,25565
"San Francisco - 16th St, CA",2300 16th St,San Francisco,CALIFORNIA,94103,USA,12,72.0,20,Unknown,37.766033,-122.408981,1256646
"Vacaville - Harbison Dr, CA",2098 Harbison Dr,Vacaville,CALIFORNIA,95687,USA,12,250.0,38,Unknown,38.362178,-121.963212,1256646
"Roseville - Douglas Blvd, CA",1925 Douglas Blvd,Roseville,CALIFORNIA,95661,USA,16,250.0,61,Unknown,38.745316,-121.253384,1256646
"Baltimore - 4901 Boston St, MD",4901 Boston St,Baltimore,MARYLAND,21224,USA,8,250.0,10,Unknown,39.276357,-76.553927,72139
"Pomona, CA",90 Rio Rancho Rd,Pomona,CALIFORNIA,91766,USA,12,250.0,246,Unknown,34.027034,-117.762195,1256646
"Lincoln - West O St, NE",610 W O Street,Lincoln,NEBRASKA,68528,USA,8,250.0,350,Unknown,40.814225,-96.727836,6920
"Omaha, NE",8801 W Center Rd,Omaha,NEBRASKA,68124,USA,12,250.0,311,Unknown,41.233578,-96.051488,6920
"Blaine, MN",585 Northtown Dr NE,Blaine,MINNESOTA,55434,USA,8,250.0,273,Unknown,45.125839,-93.258032,37050
"Columbus - E Campus View Blvd, OH",179 East Campus View Blvd,Columbus,OHIO,43235,USA,16,250.0,278,Unknown,40.117451,-83.010743,50393
"San Mateo - El Camino Real, CA",2817 S El Camino Real,San Mateo,CALIFORNIA,94403,USA,12,250.0,6,Unknown,37.542,-122.3016,1256646
"Lost Hills, CA",21984 CA-46,Lost Hills,CALIFORNIA,93249,USA,20,250.0,75,Unknown,35.616874,-119.656098,1256646
"Ashland, OR",580 Clover Ln,Ashland,OREGON,97520,USA,24,250.0,612,Unknown,42.182661,-122.662635,64361
"Charlotte - Metropolitan Ave, NC",1111 Metropolitan Ave,Charlotte,NORTH CAROLINA,28204,USA,16,250.0,197,Unknown,35.2123,-80.8351,70164
"Pasadena - S Lake Ave, CA",410 Shoppers Ln,Pasadena,CALIFORNIA,91106,USA,12,250.0,236,Unknown,34.139,-118.1312,1256646
"Ripon, CA",710 Jack Tone Rd,Ripon,CALIFORNIA,95366,USA,12,250.0,19,Unknown,37.747311,-121.141219,1256646
"Sammamish, WA",720 228th Ave NE,Sammamish,WASHINGTON,98074,USA,8,250.0,108,Unknown,47.616291,-122.032922,152101
"Livermore - Jack London Blvd, CA",3020 W Jack London Blvd,Livermore,CALIFORNIA,94588,USA,16,250.0,110,Unknown,37.696535,-121.844176,1256646
"Reno - Rancharrah Pkwy, NV",7300 Rancharrah Pkwy,Reno,NEVADA,89511,USA,24,250.0,1372,Unknown,39.468528,-119.794333,47361
"Honolulu, HI",5000 Kahala Ave,Honolulu,HAWAII,96816,USA,12,250.0,2,Unknown,21.271469,-157.774432,25565
"Greenfield, WI",5800 W Layton Ave,Greenfield,WISCONSIN,53220,USA,12,250.0,233,Unknown,42.960238,-87.986788,24943
"Brandywine, MD",16410 McKendree Rd,Brandywine,MARYLAND,20613,USA,8,250.0,64,Unknown,38.664311,-76.876223,72139
"Azusa, CA",809 N Azusa Ave,Azusa,CALIFORNIA,91702,USA,16,250.0,190,Unknown,34.1367,-117.9082,1256646
"Southington, CT",600 Executive Blvd,Southington,CONNECTICUT,6489,USA,12,250.0,66,Unknown,41.612429,-72.901215,31557
"Jessup, MD",7136 Montevideo Rd,Jessup,MARYLAND,20794,USA,12,250.0,64,Unknown,39.174251,-76.776827,72139
"North Brunswick - Shoppes Blvd, NJ",650 Shoppes Blvd,North Brunswick,NEW JERSEY,8902,USA,12,250.0,32,Unknown,40.459873,-74.455582,134753
"Hendersonville, TN",217 Indian Lake Blvd,Hendersonville,TENNESSEE,37075,USA,12,250.0,150,Unknown,36.321,-86.601,33221
"Reno - Element Ln, NV",2030 Element Lane,Reno,NEVADA,89502,USA,16,250.0,1354,Unknown,39.503749,-119.801198,47361
"Dublin - Amador Valley Blvd, CA",7841 Amador Valley Blvd,Dublin,CALIFORNIA,94568,USA,12,250.0,109,Unknown,37.7066,-121.9348,1256646
"San Ardo, CA",65340 Los Lobos Rd,San Ardo,CALIFORNIA,93450,USA,12,250.0,150,Unknown,35.97477,-120.900203,1256646
"Fort Worth - Bucees Blvd, TX",3798 Bucees Boulevard,Fort Worth,TEXAS,76177,USA,20,250.0,192,Unknown,33.023133,-97.279033,230125
"Sun City Center, FL",3726 Sun City Center Blvd,Sun City Center,FLORIDA,33573,USA,8,250.0,11,Unknown,27.7136,-82.3756,254878
"Reston - Sunset Hills Rd, VA",12110 Sunset Hills Rd,Reston,VIRGINIA,20190,USA,12,250.0,113,Unknown,38.956,-77.3654,84936
"Baker (Expansion), CA",71808 Baker Blvd,Baker,CALIFORNIA,92309,USA,56,250.0,284,Unknown,35.262741,-116.081057,1256646
"Mojave - 16870 Hwy 14, CA",16870 CA-14,Mojave,CALIFORNIA,93501,USA,20,250.0,862,Unknown,35.067855,-118.175439,1256646
"Vacaville - Browns Valley Pkwy, CA",154 Browns Valley Pkwy,Vacaville,CALIFORNIA,95688,USA,8,250.0,40,Unknown,38.365225,-121.967972,1256646
"New Springfield - Mahoning Valley Service Plaza, OH","Milepost 273.2, Westbound, Ohio Turnpike",New Springfield,OHIO,44443,USA,8,250.0,380,Unknown,40.940129,-80.585293,50393
"New Springfield - Glacier Hills Service Plaza, OH","Milepost 273.2, Eastbound, Ohio Turnpike",New Springfield,OHIO,44443,USA,8,250.0,381,Unknown,40.939077,-80.587852,50393
"Broadview Heights - Great Lakes Service Plaza, OH","Great Lakes Service Plaza, I-80 West",Broadview Heights,OHIO,44147,USA,8,250.0,380,Unknown,41.291801,-81.670915,50393
"Broadview Heights - Towpath Service Plaza, OH","Towpath Service Plaza, I-80 East",Broadview Heights,OHIO,44147,USA,8,250.0,380,Unknown,41.292244,-81.676134,50393
"Framingham - Old Path Village, MA",971 Concord St,Framingham,MASSACHUSETTS,1701,USA,12,250.0,53,Unknown,42.30519,-71.403475,73768
"Fairfield - Fairfield Centre, CT",696 Post Road,Fairfield,CONNECTICUT,6824,USA,12,250.0,4,Unknown,41.149854,-73.247068,31557
"Fitchburg, WI",2920 Fitchrona Rd,Fitchburg,WISCONSIN,53719,USA,16,250.0,323,Unknown,43.014476,-89.479453,24943
"Modesto - Joyce Ave, CA",1212 Joyce Ave,Modesto,CALIFORNIA,95351,USA,8,250.0,29,Unknown,37.61061,-120.976745,1256646
"Roseville - Freedom Way, CA",1851 Freedom Way,Roseville,CALIFORNIA,95678,USA,24,250.0,39,Unknown,38.792458,-121.298228,1256646
"Ventura, CA",4095 Telegraph Rd,Ventura,CALIFORNIA,93003,USA,12,250.0,57,Unknown,34.275162,-119.239734,1256646
"Clearwater - Largo, FL",15701 US Highway 19 N,Clearwater,FLORIDA,33764,USA,8,250.0,5,Unknown,27.915528,-82.728291,254878
"East Windsor, NJ",420 Forsgate Dr,East Windsor,NEW JERSEY,8512,USA,16,250.0,40,Unknown,40.345495,-74.483726,134753
"Gastonia, NC",3050 East Franklin Blvd,Gastonia,NORTH CAROLINA,28056,USA,12,250.0,216,Unknown,35.260057,-81.123368,70164
"Dallas - Mountain Creek Pkwy, TX",4880 Mountain Creek Parkway,Dallas,TEXAS,75236,USA,8,250.0,148,Unknown,32.672295,-96.968805,230125
"Bend - SW Industrial Way, OR",551 SW Industrial Way,Bend,OREGON,97702,USA,8,250.0,1106,Unknown,44.049486,-121.315537,64361
"Las Cruces, NM",2701 W Amador Ave,Las Cruces,NEW MEXICO,88005,USA,15,250.0,1188,Unknown,32.296716,-106.812414,10276
"Rossford, OH",10055 US-20,Rossford,OHIO,43460,USA,12,250.0,194,Unknown,41.546791,-83.590402,50393
"Visalia - #2, CA",6610 Betty Dr,Visalia,CALIFORNIA,93291,USA,20,250.0,86,Unknown,36.353167,-119.426384,1256646
"San Juan Capistrano - Verdugo St, CA",326701 Verdugo St,San Juan Capistrano,CALIFORNIA,92675,USA,12,250.0,35,Unknown,33.503662,-117.6642,1256646
"Las Vegas - W Charleston Blvd, NV",11011 W Charleston Blvd,Las Vegas,NEVADA,89135,USA,16,250.0,932,Unknown,36.158002,-115.333822,47361
"Milpitas - S Abbott Ave, CA",333 S Abbott Ave,Milpitas,CALIFORNIA,95035,USA,12,250.0,7,Unknown,37.42537,-121.914559,1256646
"Denver - 5940 Tower Rd, CO",5940 Tower Rd,Denver,COLORADO,80249,USA,16,250.0,1630,Unknown,39.80408,-104.770869,90083
"San Antonio - E Basse Rd, TX",255 E Basse Rd,San Antonio,TEXAS,78209,USA,12,250.0,226,Unknown,29.497048,-98.482185,230125
"Sulphur, LA",2615 Ruth St,Sulphur,LOUISIANA,70665,USA,12,250.0,4,Unknown,30.21422,-93.374795,8150
"Lynnwood - 148th St SW, WA",3625 148th St SW,Lynnwood,WASHINGTON,98087,USA,12,250.0,188,Unknown,47.865456,-122.282856,152101
"Clackamas, OR",8936 SE Sunnyside Rd,Clackamas,OREGON,97015,USA,12,250.0,50,Unknown,45.431963,-122.572314,64361
"McHenry, MD",93 Fort Dr,McHenry,MARYLAND,21541,USA,8,250.0,765,Unknown,39.549893,-79.35164,72139
"Albuquerque - Lang Ave NE, NM",5161 Lang Ave NE,Albuquerque,NEW MEXICO,87109,USA,8,250.0,1577,Unknown,35.171811,-106.586584,10276
"Salem (SC), OR",2755 Mission St SE,Salem,OREGON,97301,USA,12,250.0,58,Unknown,44.92155,-123.006624,64361
"Los Altos - Loucks Ave, CA",32 Loucks Ave,Los Altos,CALIFORNIA,94022,USA,20,250.0,24,Unknown,37.399922,-122.114897,1256646
"San Mateo - 230 De Anza Blvd, CA",230 De Anza Blvd,San Mateo,CALIFORNIA,94402,USA,8,250.0,102,Unknown,37.5215,-122.3377,1256646
"Waukesha, WI",1600 E Main St,Waukesha,WISCONSIN,53186,USA,12,250.0,268,Unknown,43.022447,-88.202681,24943
"Portland - Jantzen Beach Center, OR",1405 Jantzen Beach Center,Portland,OREGON,97217,USA,8,250.0,10,Unknown,45.611854,-122.684919,64361
"Quartzsite - Main Event Ln, AZ",370 W Main Event Ln,Quartzsite,ARIZONA,85346,USA,88,250.0,275,Unknown,33.66288,-114.240091,89798
"Rehoboth Beach - Coastal Hwy, DE",19791 Coastal Highway,Rehoboth Beach,DELAWARE,19971,USA,8,250.0,7,Unknown,38.716616,-75.109997,8435
"Pleasanton - Santa Rita Rd, CA",6770 Santa Rita Rd,Pleasanton,CALIFORNIA,94588,USA,12,250.0,105,Unknown,37.69989,-121.871035,1256646
"Staten Island - Richmond Ave, NY",1441 Richmond Ave,Staten Island,NEW YORK,10314,USA,12,250.0,9,Unknown,40.612043,-74.156647,131250
"Salisbury, NC",730 Jake Alexander Blvd S,"Salisbury, NC",NORTH CAROLINA,28147,USA,12,250.0,72,Unknown,35.645142,-80.486013,70164
"Houston - Yale St, TX",195 Yale St,Houston,TEXAS,77007,USA,32,250.0,14,Unknown,29.774428,-95.400631,230125
"Henderson - Las Vegas Blvd S, NV",12300 Las Vegas Blvd S,Henderson,NEVADA,89044,USA,24,250.0,755,Unknown,35.964283,-115.167124,47361
"Newport, OR",2220 N Coast Hwy,Newport,OREGON,97365,USA,8,250.0,1543,Unknown,44.653043,-124.052788,64361
"Rosedale, MD",7501 Pulaski Hwy,Rosedale,MARYLAND,21237,USA,8,250.0,23,Unknown,39.311994,-76.525368,72139
"Spartanburg, SC",2100 Winchester Place,Spartanburg,SOUTH CAROLINA,29301,USA,8,250.0,253,Unknown,34.936515,-81.982822,20873
"Battle Creek, MI",6405 B Dr N,Battle Creek,MICHIGAN,49014,USA,12,250.0,285,Unknown,42.26246,-85.17463,50284
"Springfield - W Jefferson St, IL",1700 W Jefferson St,Springfield,ILLINOIS,62702,USA,12,250.0,178,Unknown,39.807044,-89.681966,99573
"San Anselmo, CA",834 Sir Francis Drake Blvd,San Anselmo,CALIFORNIA,94960,USA,8,250.0,20,Unknown,37.980562,-122.565755,1256646
"McLean, VA",1911 Chain Bridge Road,McLean,VIRGINIA,22102,USA,20,250.0,143,Unknown,38.9153758,-77.225194,84936
"Irving, TX",3340 Hackberry Rd,Irving,TEXAS,75063,USA,12,250.0,163,Unknown,32.925559,-96.991554,230125
"Las Vegas - 7400 S Las Vegas Blvd, NV",7400 S Las Vegas Blvd,Las Vegas,NEVADA,89123,USA,28,250.0,678,Unknown,36.056634,-115.170356,47361
"Chandler, AZ",3075 W Ray Rd,Chandler,ARIZONA,85226,USA,12,250.0,362,Unknown,33.319309,-111.896576,89798
"Brick Township, NJ",535 NJ-70,Brick Township,NEW JERSEY,8723,USA,8,250.0,8,Unknown,40.056372,-74.15166,134753
"Framingham - 130 Worcester Rd, MA",130 Worcester Rd,Framingham,MASSACHUSETTS,1702,USA,12,250.0,51,Unknown,42.297652,-71.399414,73768
"St. Louis - Riverview Dr, MO",11005 Riverview Dr,St. Louis,MISSOURI,63138,USA,8,250.0,139,Unknown,38.768852,-90.182684,26861
"Swedesboro, NJ",1700 Center Square Rd,Swedesboro,NEW JERSEY,8085,USA,11,250.0,7,Unknown,39.759041,-75.360179,134753
"Laguna Hills, CA",25272 Cabot Rd,Laguna Hills,CALIFORNIA,92653,USA,16,250.0,112,Unknown,33.595554,-117.675507,1256646
"Doral - NW 25th St, FL",9700 NW 25th St,Doral,FLORIDA,33172,USA,8,250.0,2,Unknown,25.796437,-80.35376,254878
"Anderson, CA",5025 Rhonda Rd,Anderson,CALIFORNIA,96007,USA,8,250.0,149,Unknown,40.433579,-122.288611,1256646
"Prairie du Chien, WI",525 S Marquette Rd,Prairie du Chien,WISCONSIN,53821,USA,8,250.0,194,Unknown,43.045703,-91.141403,24943
"Sugar Land, TX",4989 Sweetwater Blvd,Sugar Land,TEXAS,77479,USA,12,250.0,22,Unknown,29.586968,-95.634899,230125
"Vernon, CT",145 Talcottville Rd,Vernon,CONNECTICUT,6066,USA,8,250.0,66,Unknown,41.831054,-72.49581,31557
"Cary - Tryon Rd, NC",6466 Tryon Rd,Cary,NORTH CAROLINA,27518,USA,12,250.0,112,Unknown,35.745074,-78.762269,70164
"Russell, KS",1219 S Fossil St,Russell,KANSAS,67665,USA,8,250.0,557,Unknown,38.8679258,-98.8538087,11271
"Burlington - Marketplace Dr, WA",2001 Marketplace Dr,Burlington,WASHINGTON,98233,USA,16,250.0,9,Unknown,48.4511937,-122.33983,152101
"Coney Island, NY",3035 Cropsey Ave,Brooklyn,NEW YORK,11224,USA,12,250.0,2,Unknown,40.581652,-73.985056,131250
"Nashville - 11th Ave N, TN",500 11th Ave N,Nashville,TENNESSEE,37203,USA,12,250.0,127,Unknown,36.1646189,-86.7910833,33221
"Medford, NJ",257 NJ-70,Medford,NEW JERSEY,8055,USA,12,250.0,19,Unknown,39.904558,-74.80511,134753
"Escondido, CA",201 W Mission Ave,Escondido,CALIFORNIA,92025,USA,20,250.0,198,Unknown,33.12945,-117.08769,1256646
"Denver - 6691 Tower Rd, CO",6691 Tower Rd,Denver,COLORADO,80249,USA,8,250.0,1629,Unknown,39.817784,-104.772242,90083
"Grasonville - Hissey Rd, MD",101 Hissey Rd,Grasonville,MARYLAND,21638,USA,8,250.0,4,Unknown,38.965566,-76.194145,72139
"Arnold, CA",2182 CA-4,Arnold,CALIFORNIA,95223,USA,8,250.0,1170,Unknown,38.239119,-120.364891,1256646
"Haltom City, TX",1715 Haltom Rd,Haltom City,TEXAS,76117,USA,8,250.0,162,Unknown,32.783349,-97.273818,230125
"Billings - N Frontage Rd, MT",2711 N Frontage Rd,Billings,MONTANA,59101,USA,12,250.0,948,Unknown,45.816835,-108.416578,4608
"Sunnyvale - E El Camino Real, CA",576 E El Camino Real,Sunnyvale,CALIFORNIA,94087,USA,12,250.0,7,Unknown,37.362342,-122.026278,1256646
"Edison - 1003 US-1, NJ",1003 US-1,Edison,NEW JERSEY,8817,USA,16,250.0,29,Unknown,40.518056,-74.37238,134753
"Mountain View - Grant Rd, CA",1350 Grant Rd,Mountain View,CALIFORNIA,94040,USA,32,250.0,39,Unknown,37.378052,-122.077578,1256646
"McDermitt, NV",195 US-95,McDermitt,NEVADA,89421,USA,8,250.0,1351,Unknown,41.9952675,-117.7177391,47361
"Cle Elum - W Davis St, WA",808 W Davis St,Cle Elum,WASHINGTON,98922,USA,8,250.0,614,Unknown,47.195259,-120.956232,152101
"Willmar, MN",2201 1st St,Willmar,MINNESOTA,56201,USA,8,250.0,340,Unknown,45.10196,-95.041742,37050
"Marshall, MN",900 E Main St,Marshall,MINNESOTA,56258,USA,12,250.0,352,Unknown,44.438564,-95.777511,37050
"Champaign - W Kirby Ave, IL",2901 W Kirby Ave,Champaign,ILLINOIS,61821,USA,12,250.0,220,Unknown,40.09741668253737,-88.294937287131,99573
"Lakemoor, IL",27555 IL-120,Lakemoor,ILLINOIS,60051,USA,12,250.0,236,Unknown,42.321493,-88.169682,99573
"Newark - Gateway Blvd, CA",8200 Gateway Blvd,Newark,CALIFORNIA,94560,USA,18,250.0,3,Unknown,37.536013,-122.063348,1256646
"Owings Mills, MD",10450 Grand Central Ave,Owings Mills,MARYLAND,21117,USA,12,250.0,144,Unknown,39.407596,-76.782871,72139
"Laurel, MT",301 S Washington Ave,Laurel,MONTANA,59044,USA,8,250.0,1001,Unknown,45.6661532,-108.7614891,4608
"Georgetown, DE",20983 Dupont Blvd,Georgetown,DELAWARE,19947,USA,8,250.0,15,Unknown,38.688327,-75.397265,8435
"St. Regis, MT",60 Mullan Gulch Rd,St Regis,MONTANA,59866,USA,12,250.0,802,Unknown,47.29891,-115.09932,4608
"Chatsworth, CA",9183 De Soto Ave,Chatsworth,CALIFORNIA,91311,USA,8,250.0,273,Unknown,34.23802,-118.589407,1256646
"Milan, NM",1500 Willow Dr,Milan,NEW MEXICO,87021,USA,8,250.0,1988,Unknown,35.183045,-107.898024,10276
"West Covina - S Azusa Ave, CA",1414 S Azusa Ave,West Covina,CALIFORNIA,91791,USA,16,250.0,158,Unknown,34.047758,-117.906879,1256646
"Daly City - Mission St, CA",6955 Mission St,Daly City,CALIFORNIA,94014,USA,12,250.0,96,Unknown,37.696548,-122.463229,1256646
"Alhambra, CA",2400 W Commonwealth Ave,Alhambra,CALIFORNIA,91803,USA,12,250.0,144,Unknown,34.087069,-118.151192,1256646
"Matamoras, PA",111 Hulst Dr,Matamoras,PENNSYLVANIA,18336,USA,16,250.0,129,Unknown,41.353461,-74.72394,70154
"Mount Vernon - S 42nd St, IL",1409 S 42nd St,Mt. Vernon,ILLINOIS,62864,USA,8,250.0,152,Unknown,38.300369,-88.942472,99573
"Evansville, IN",2622 Menards Dr,Evansville,INDIANA,47715,USA,12,250.0,117,Unknown,38.001531,-87.494443,26101
"New Philadelphia, OH",1281 W High Ave,New Philadelphia,OHIO,44663,USA,12,250.0,265,Unknown,40.494068,-81.473561,50393
"Carmel - N Illinois St, IN",11545 N Illinois St,Carmel,INDIANA,46032,USA,8,250.0,260,Unknown,39.95444,-86.16269,26101
"Glendale - N Glendale Ave, CA",223 N Glendale Ave,Glendale,CALIFORNIA,91206,USA,16,250.0,177,Unknown,34.148997,-118.247798,1256646
"Indianapolis - Col. H. Weir Cook Memorial Dr, IN",7800 Col. H. Weir Cook Memorial Dr,Indianapolis,INDIANA,46241,USA,12,250.0,229,Unknown,39.699773,-86.313723,26101
"George, WA",224 Bing Ave,George,WASHINGTON,98848,USA,12,250.0,375,Unknown,47.081148,-119.861514,152101
"Sealy, TX",9027 Southeast I-10 Frontage Rd,Sealy,TEXAS,77474,USA,8,250.0,41,Unknown,29.76911,-96.046154,230125
"Fond du Lac, WI",485 N Rolling Meadows Dr,Fond du Lac,WISCONSIN,54937,USA,12,250.0,234,Unknown,43.791436,-88.485968,24943
"Hollywood - Universal Hollywood Dr, CA",333 E Universal Hollywood Dr,Hollywood,CALIFORNIA,90068,USA,12,250.0,210,Unknown,34.13681,-118.359396,1256646
"Huntington Beach, CA",7777 Edinger Ave 100,Huntington Beach,CALIFORNIA,92647,USA,12,250.0,7,Unknown,33.731412,-117.992233,1256646
"El Paso - N Desert Blvd, TX",6450 N Desert Blvd,El Paso,TEXAS,79912,USA,20,250.0,1180,Unknown,31.884966,-106.580432,230125
"New Castle - I-295, DE",2160 New Castle Ave,New Castle,DELAWARE,19720,USA,8,250.0,7,Unknown,39.6952,-75.5555,8435
"Houston - Telephone Rd, TX",6306 Telephone Rd,Houston,TEXAS,77087,USA,12,250.0,9,Unknown,29.67547,-95.289948,230125
"Houston - Airline Dr, TX",2546 Airline Drive,Houston,TEXAS,77009,USA,12,250.0,17,Unknown,29.809944,-95.381879,230125
"Huntington Beach - Edinger Ave, CA",7222 Edinger Ave,Huntington Beach,CALIFORNIA,92647,USA,32,250.0,6,Unknown,33.729552,-118.002561,1256646
"Livermore - Vasco Rd, CA",1472 N Vasco Rd,Livermore,CALIFORNIA,94551,USA,32,250.0,161,Unknown,37.718847,-121.724535,1256646
"Brownsville - Ruben M Torres Blvd, TX",5850 Ruben M Torres Blvd,Brownsville,TEXAS,78526,USA,16,250.0,6,Unknown,25.943731,-97.429042,230125
"Los Angeles - N Soto St, CA",2200 N Soto St,Los Angeles,CALIFORNIA,90032,USA,8,250.0,121,Unknown,34.06908,-118.194724,1256646
"Brenham, TX",2685 Schulte Blvd,Brenham,TEXAS,77833,USA,8,250.0,111,Unknown,30.140533,-96.400537,230125
"Ashland, OH",1392 Enterprise Pkwy,Ashland,OHIO,44805,USA,12,250.0,300,Unknown,40.859402,-82.268121,50393
"Midvale, UT",807 East Fort Union Blvd,Midvale,UTAH,84047,USA,8,250.0,1353,Unknown,40.622823,-111.868732,39998
"Onamia, MN",205 Lindquist St,Onamia,MINNESOTA,56359,USA,4,250.0,377,Unknown,46.066137,-93.663538,37050
"Copper Mountain, CO",50 Frontage Rd,Frisco,COLORADO,80443,USA,8,250.0,2956,Unknown,39.505696,-106.14114,90083
"Lynnfield - Broadway, MA",28 Broadway,Lynnfield,MASSACHUSETTS,1940,USA,12,250.0,34,Unknown,42.505037,-71.015444,73768
"Granada Hills - N Balboa Blvd, CA",10361 N Balboa Blvd,Granada Hills,CALIFORNIA,91344,USA,20,250.0,317,Unknown,34.258565,-118.502667,1256646
"Enfield, CT",51 Palomba Dr,Enfield,CONNECTICUT,6082,USA,12,250.0,36,Unknown,41.991015,-72.571105,31557
"Oceanside, CA",990 Pier View Way,Oceanside,CALIFORNIA,92054,USA,20,250.0,37,Unknown,33.199147,-117.376891,1256646
"Houston - Washington Ave, TX",804 Washington Avenue,Houston,TEXAS,77007,USA,12,250.0,12,Unknown,29.766874,-95.36592,230125
"Houston - Queensbury Lane, TX",12712 Queensbury Lane,Houston,TEXAS,77024,USA,12,250.0,24,Unknown,29.778456,-95.558652,230125
"Knightdale, NC",3001 Widewaters Parkway,Knightdale,NORTH CAROLINA,27545,USA,11,250.0,96,Unknown,35.795716,-78.505527,70164
"Salt Lake City - Admiral Byrd Rd, UT",200 Admiral Byrd Rd,Salt Lake City,UTAH,84116,USA,8,250.0,1288,Unknown,40.772184,-112.022278,39998
"St. Charles, IL",855 S Randall Rd,St. Charles,ILLINOIS,60134,USA,12,250.0,242,Unknown,41.8998,-88.3417,99573
"Issaquah Highlands, WA",940 NE Park Dr,Issaquah,WASHINGTON,98029,USA,8,250.0,155,Unknown,47.544008,-122.016938,152101
"Destin, FL",981 Hwy 98,Destin,FLORIDA,32541,USA,12,250.0,9,Unknown,30.390504,-86.479102,254878
"Boise - N Orchard St, ID",851 N Orchard St,Boise,IDAHO,83706,USA,8,250.0,830,Unknown,43.612237,-116.244471,8501
"Woodbridge - Richmond Hwy, VA",15809 Richmond Hwy,Woodbridge,VIRGINIA,22191,USA,8,250.0,6,Unknown,38.608853,-77.290304,84936
"Compton, CA",1621 S Alameda St,Compton,CALIFORNIA,90220,USA,12,250.0,18,Unknown,33.8789,-118.2193,1256646
"Las Vegas - Kevin Way, NV",6480 Kevin Way,Las Vegas,NEVADA,89149,USA,12,250.0,781,Unknown,36.278556,-115.289673,47361
"Blacksburg, VA",1704 S Main St,Blacksburg,VIRGINIA,24060,USA,8,250.0,638,Unknown,37.211116,-80.400493,84936
"Los Angeles - 668 S Alameda St, CA",668 S Alameda St,Los Angeles,CALIFORNIA,90021,USA,8,250.0,76,Unknown,34.03575,-118.238039,1256646
"Irvine - Von Karman Ave, CA",19100 Von Karman Ave,Irvine,CALIFORNIA,92612,USA,8,250.0,14,Unknown,33.670156,-117.858319,1256646
"Stockton (SC), CA",3131 Auto Center Cir,Stockton,CALIFORNIA,95212,USA,8,250.0,9,Unknown,38.01908,-121.276399,1256646
"Shaker Heights, OH",20040-20200 Van Aken Blvd,Shaker Heights,OHIO,44122,USA,12,250.0,317,Unknown,41.465546,-81.538146,50393
"Lebec - Gorman Post Rd, CA",49771 Gorman Post Rd,Gorman,CALIFORNIA,93243,USA,63,250.0,1170,Unknown,34.796255,-118.853932,1256646
"Hayward - Mission Blvd, CA",26905 Mission Blvd,Hayward,CALIFORNIA,94544,USA,12,250.0,24,Unknown,37.644903,-122.063057,1256646
"Daly City - Bryant St, CA",1590 Bryant St,Daly City,CALIFORNIA,94015,USA,32,250.0,57,Unknown,37.688188,-122.473605,1256646
"San Diego - Kearny Mesa, CA",8310 Clairemont Mesa Blvd,San Diego,CALIFORNIA,92111,USA,16,250.0,125,Unknown,32.8333,-117.1446,1256646
"Portsmouth, RI",3302 E Main Rd,Portsmouth,RHODE ISLAND,2871,USA,8,250.0,31,Unknown,41.617703,-71.247255,6396
"Middletown-Odessa, DE",690 Middletown Odessa Rd,Middletown,DELAWARE,19709,USA,8,250.0,17,Unknown,39.452761,-75.680246,8435
"Sunnyvale - N Mathilda Ave, CA",1100 N Mathilda Ave,Sunnyvale,CALIFORNIA,94089,USA,8,250.0,7,Unknown,37.404383,-122.02605,1256646
"Stevens Point, WI",1600 Academy Ave,Stevens Point,WISCONSIN,54481,USA,8,250.0,341,Unknown,44.536,-89.5782862,24943
"Dedham - 100 Providence Hwy, MA",100 Providence Highway,Dedham,MASSACHUSETTS,2026,USA,12,250.0,28,Unknown,42.260254,-71.168939,73768
"Lompoc, CA",3734 Constellation Rd,Lompoc,CALIFORNIA,93436,USA,12,250.0,105,Unknown,34.700387,-120.467415,1256646
"Talleyville, DE",4024 Concord Pike,Wilmington,DELAWARE,19803,USA,8,250.0,119,Unknown,39.8103,-75.5514,8435
"Fremont - Civic Center Dr, CA",39410 Civic Center Dr,Fremont,CALIFORNIA,94538,USA,8,250.0,19,Unknown,37.5537,-121.9736,1256646
"Malibu - Pacific Coast Highway, CA",30745 Pacific Coast Hwy,Malibu,CALIFORNIA,90265,USA,20,250.0,6,Unknown,34.031792,-118.842266,1256646
"Quincy, MA",453 Washington St,Quincy,MASSACHUSETTS,2169,USA,8,250.0,11,Unknown,42.247935,-70.982978,73768
"Plainview - 1667 Old Country, NY",1667 Old Country Rd,Plainview,NEW YORK,11803,USA,8,250.0,52,Unknown,40.780501,-73.448435,131250
"Sun Valley, CA",8501 Laurel Canyon Blvd,Sun Valley,CALIFORNIA,91352,USA,40,250.0,256,Unknown,34.225463,-118.397666,1256646
"Baker - Mojave Pointe Rd, CA",56383 Mojave Pointe Rd,Baker,CALIFORNIA,92309,USA,32,250.0,291,Unknown,35.268981,-116.067041,1256646
"Abingdon, VA",25016 Lee Hwy,Abingdon,VIRGINIA,24211,USA,8,250.0,621,Unknown,36.712294,-81.928695,84936
"Hackensack, NJ",390 Hackensack Ave,Hackensack,NEW JERSEY,7601,USA,8,250.0,6,Unknown,40.907703,-74.030779,134753
"Mahwah, NJ",280 Route 17 S,Mahwah,NEW JERSEY,7430,USA,8,250.0,94,Unknown,41.090122,-74.155284,134753
"San Diego - Valley Centre Drive, CA",3810 Valley Centre Dr,San Diego,CALIFORNIA,92130,USA,16,250.0,28,Unknown,32.938702,-117.231395,1256646
"Jefferson City, MO",3721 W Truman Blvd,Jefferson City,MISSOURI,65109,USA,7,250.0,242,Unknown,38.5879,-92.2552,26861
"Provo - S 40 E, UT",1505 S 40 E,Provo,UTAH,84606,USA,12,250.0,1376,Unknown,40.214126,-111.656782,39998
"North Hollywood, CA",6150 Laurel Canyon Blvd,North Hollywood,CALIFORNIA,91606,USA,12,250.0,207,Unknown,34.1814,-118.3954,1256646
"Orlando - W Robinson St, FL",W Robinson St,Orlando,FLORIDA,32801,USA,16,250.0,33,Unknown,28.545986,-81.381115,254878
"Santa Barbara - Ortega St, CA",E Ortega St,Santa Barbara,CALIFORNIA,93101,USA,12,250.0,9,Unknown,34.41927,-119.69715,1256646
"Fall River, MA",323 William S. Canning Blvd,Fall River,MASSACHUSETTS,2721,USA,8,250.0,56,Unknown,41.673139,-71.161876,73768
"Weston, FL",2210 Weston Rd,Weston,FLORIDA,33326,USA,12,250.0,2,Unknown,26.092018,-80.37112,254878
"Issaquah - Gilman, WA",317 NW Gilman Blvd,Issaquah,WASHINGTON,98027,USA,8,250.0,21,Unknown,47.540084,-122.041717,152101
"Dunkirk, MD",10205 Kirksville Ln,Dunkirk,MARYLAND,20754,USA,8,250.0,46,Unknown,38.717658,-76.660754,72139
"Carlin, NV",1014 Fir St,Carlin,NEVADA,89822,USA,8,250.0,1514,Unknown,40.7203,-116.1065,47361
"Westminster, MD",720 Corporate Center Ct,Westminster,MARYLAND,21157,USA,8,250.0,232,Unknown,39.595992,-76.998508,72139
"Culver City - Raintree Plaza, CA",10772 Jefferson Blvd,Culver City,CALIFORNIA,90230,USA,12,250.0,15,Unknown,34.001681,-118.393103,1256646
"Roslyn Heights, NY",300 Roslyn Rd,Roslyn Heights,NEW YORK,11577,USA,8,250.0,42,Unknown,40.784034,-73.638233,131250
"Ladera Heights, CA",5245 W Centinela Ave,Los Angeles,CALIFORNIA,90045,USA,12,250.0,39,Unknown,33.978535,-118.37189,1256646
"Indianapolis North, IN",1300 E 86th St,Indianapolis,INDIANA,46240,USA,16,250.0,240,Unknown,39.9139,-86.1392,26101
"Mammoth Lakes - CRC, CA",437 Old Mammoth Rd,Mammoth Lakes,CALIFORNIA,93546,USA,12,250.0,2393,Unknown,37.636186,-118.967973,1256646
"Hollywood, CA",7001 Santa Monica Blvd,Hollywood,CALIFORNIA,90038,USA,32,250.0,89,Unknown,34.091072,-118.342038,1256646
"Lexington - Meijer Way, KY",351 Meijer Way,Lexington,KENTUCKY,40503,USA,12,250.0,312,Unknown,37.995554,-84.532683,11617
"Carson, CA",801 E Carson St,Carson,CALIFORNIA,90745,USA,20,250.0,6,Unknown,33.8333,-118.2599,1256646
"Refugio, TX",720 N Victoria Hwy,Refugio,TEXAS,78377,USA,12,250.0,14,Unknown,28.315183,-97.272189,230125
"San Diego - Carmel Mountain Ranch, CA",12080 Carmel Mountain Rd,San Diego,CALIFORNIA,92128,USA,12,250.0,218,Unknown,32.984443,-117.076353,1256646
"Elkhorn, WI",58 West Market Street,Elkhorn,WISCONSIN,53121,USA,12,250.0,300,Unknown,42.691939,-88.542869,24943
"North Providence, RI",1874 Mineral Spring Avenue,North Providence,RHODE ISLAND,2904,USA,8,250.0,73,Unknown,41.8605,-71.4662,6396
"Murfreesboro, TN",Joe B Jackson Pkwy,Murfreesboro,TENNESSEE,37127,USA,20,250.0,194,Unknown,35.781152,-86.374409,33221
"Hockessin, DE",605 Yorklyn Rd,Hockessin,DELAWARE,19707,USA,8,250.0,79,Unknown,39.788523,-75.697093,8435
"Burbank - E Orange Grove Ave, CA",133 E Orange Grove Ave,Burbank,CALIFORNIA,91502,USA,28,250.0,183,Unknown,34.1813,-118.3107,1256646
"City of Newark, DE",601 Ogletown Rd,Newark,DELAWARE,19711,USA,8,250.0,34,Unknown,39.684881,-75.733292,8435
"Munster, IN",8005 Calumet Ave,Munster,INDIANA,46321,USA,12,250.0,181,Unknown,41.568161,-87.508042,26101
"Bay Terrace, NY",2360 Bell Blvd,Queens,NEW YORK,11360,USA,8,250.0,5,Unknown,40.779701,-73.776321,131250
"LaGuardia, NY",102-05 Ditmars Blvd,Queens,NEW YORK,11369,USA,8,250.0,7,Unknown,40.76832,-73.866749,131250
"West Springfield, VA",8320 Old Keene Mill Rd,Springfield,VIRGINIA,22152,USA,12,250.0,103,Unknown,38.78044,-77.23179,84936
"South Amboy, NJ",969 US-9,South Amboy,NEW JERSEY,8879,USA,8,250.0,40,Unknown,40.460488,-74.294903,134753
"San Diego - Ted Williams Pkwy, CA",10175 Rancho Carmel Dr,San Diego,CALIFORNIA,92128,USA,8,250.0,175,Unknown,32.9665,-117.0892,1256646
"Coos Bay, OR",Curtis Ave,Coos Bay,OREGON,97420,USA,8,250.0,3,Unknown,43.366374,-124.215473,64361
"Holtsville, NY",1100 Waverly Ave,Holtsville,NEW YORK,11742,USA,8,250.0,37,Unknown,40.822264,-73.046663,131250
"Worcester, MA",75 Quinsigamond Ave,Worcester,MASSACHUSETTS,1610,USA,8,250.0,136,Unknown,42.247236,-71.80293,73768
"Wilson, NC",4940 Raleigh Rd Pkwy W,Wilson,NORTH CAROLINA,27896,USA,20,250.0,46,Unknown,35.763439,-77.999889,70164
"New Bern - Dr MLK Jr Blvd, NC",3005 Dr MLK Jr Blvd,New Bern,NORTH CAROLINA,28562,USA,12,250.0,6,Unknown,35.10275,-77.084173,70164
"Kissimmee - W Irlo Bronson Memorial Hwy, FL",8085 W Irlo Bronson Memorial Hwy,Kissimmee,FLORIDA,34747,USA,12,250.0,33,Unknown,28.348216,-81.610374,254878
"Gainesville - Oaks Mall Plaza, FL",6795 W Newberry Rd,Gainesville,FLORIDA,32607,USA,24,250.0,55,Unknown,29.658006,-82.414125,254878
"Austin - W Slaughter Ln, TX",5800 W Slaughter Lane,Austin,TEXAS,78749,USA,8,250.0,262,Unknown,30.201658,-97.875979,230125
"Seville, OH",8700 Wooster Pike,Seville,OHIO,44273,USA,12,250.0,343,Unknown,41.035687,-81.865126,50393
"Fairfield - Pittman Rd, CA",190 Pittman Rd,Fairfield,CALIFORNIA,94534,USA,8,250.0,6,Unknown,38.221335,-122.127115,1256646
"Woodbridge - Minnieville Rd, VA",13355 Minnieville Rd,Woodbridge,VIRGINIA,22192,USA,8,250.0,85,Unknown,38.659258,-77.300076,84936
"Roseville - Harding Blvd, CA",108 Harding Blvd,Roseville,CALIFORNIA,95678,USA,8,250.0,48,Unknown,38.745531,-121.273601,1256646
"Burney, CA",38389 CA-299,Burney,CALIFORNIA,96013,USA,8,250.0,982,Unknown,40.924144,-121.620569,1256646
"Sacramento - Point West Way, CA",2001 Point West Way,Sacramento,CALIFORNIA,95815,USA,8,250.0,11,Unknown,38.601153,-121.431187,1256646
"La Quinta, CA",78370 CA-111,La Quinta,CALIFORNIA,92253,USA,20,250.0,25,Unknown,33.717271,-116.296155,1256646
"South Lake Tahoe, CA",2977 US HWY 50,South Lake Tahoe,CALIFORNIA,96150,USA,8,250.0,1931,Unknown,38.85543,-120.013284,1256646
"Clinton, NJ",2 Bank St,Clinton,NEW JERSEY,8809,USA,8,250.0,97,Unknown,40.633853,-74.937703,134753
"Arcadia, CA",400 S Baldwin Ave,Arcadia,CALIFORNIA,Unknown,USA,32,250.0,154,Unknown,34.1378794,-118.0538207,1256646
"Epsom, NH",1910 Suncook Hwy,Epsom,NEW HAMPSHIRE,3234,USA,8,250.0,103,Unknown,43.227409,-71.35962,9861
"Tallahassee - Westend Square, FL","2020 W Pensacola St,",Tallahassee,FLORIDA,32304,USA,12,250.0,30,Unknown,30.441476,-84.319677,254878
"Kahului, HI",176 Ho'okele St,Kahului,HAWAII,96732,USA,12,250.0,11,Unknown,20.875812,-156.454215,25565
"Camden, DE","200 East St, Camden, DE 19934",Camden,DELAWARE,19934,USA,8,250.0,12,Unknown,39.108497,-75.54085,8435
"Lawndale, CA",15207 Hawthorne Blvd,Lawndale,CALIFORNIA,90260,USA,8,250.0,17,Unknown,33.893485,-118.352964,1256646
"Newport, ME",44 Moosehead Trail,Newport,MAINE,4953,USA,8,250.0,67,Unknown,44.838213,-69.2868582,7377
"Woodbridge - Daniel Stuart Square, VA",2051 Daniel Stuart Square,Woodbridge,VIRGINIA,22191,USA,8,250.0,26,Unknown,38.633037,-77.276321,84936
"Manahawkin, NJ",209 Stafford Park Blvd,Stafford Township,NEW JERSEY,8050,USA,16,250.0,21,Unknown,39.711359,-74.285175,134753
"Portsmouth, NH",2255 Lafayette Rd,Portsmouth,NEW HAMPSHIRE,3801,USA,8,250.0,17,Unknown,43.034005,-70.779463,9861
"San Diego - Navajo Rd, CA",8766 Navajo Rd,San Diego,CALIFORNIA,92119,USA,12,250.0,213,Unknown,32.803954,-117.007615,1256646
"Ocean Shores, WA",120 West Chance a La Mer NW,Ocean Shores,WASHINGTON,98569,USA,8,250.0,5,Unknown,47.008309,-124.165142,152101
"Columbus - W 3rd Ave, OH",320 W 3rd Ave,Columbus,OHIO,43212,USA,8,250.0,220,Unknown,39.984603,-83.026371,50393
"Sunrise, FL",9400 W Commercial Blvd,Sunrise,FLORIDA,33351,USA,8,250.0,2,Unknown,26.19313,-80.276696,254878
"Minot, ND",1930 S Broadway,Minot,NORTH DAKOTA,58701,USA,8,250.0,533,Unknown,48.21183,-101.296308,959
"La Jolla, CA",8657 Villa La Jolla Dr,La Jolla,CALIFORNIA,92037,USA,16,250.0,98,Unknown,32.865069,-117.232114,1256646
"San Diego - Kearny Mesa Hazard Village, CA",9332 Clairemont Mesa Blvd,San Diego,CALIFORNIA,92111,USA,12,250.0,130,Unknown,32.832252,-117.128472,1256646
"Colonie, NY",956 Loudon Rd,Colonie,NEW YORK,2110,USA,8,250.0,99,Unknown,42.766414,-73.755044,131250
"Menlo Park - El Camino Real, CA",700 El Camino Real,Menlo Park,CALIFORNIA,94025,USA,8,250.0,21,Unknown,37.451958,-122.178079,1256646
"Monterey - Fishermans Wharf, CA",106 Washington St,Monterey,CALIFORNIA,93940,USA,16,250.0,3,Unknown,36.601401,-121.89251,1256646
"Plumas Lake, CA",831 Chalice Creek Dr,Plumas Lake,CALIFORNIA,95961,USA,8,250.0,13,Unknown,38.978078,-121.539066,1256646
"Long Beach - E Anaheim St, CA",837 E Anaheim St,Long Beach,CALIFORNIA,90813,USA,16,250.0,11,Unknown,33.782778,-118.182452,1256646
"Cisco Grove, CA",90 Cisco Rd,Cisco Grove,CALIFORNIA,95715,USA,20,250.0,1728,Unknown,39.308967,-120.545004,1256646
"Kaneohe, HI",45-285 Kaneohe Bay Dr,Kaneohe,HAWAII,96744,USA,8,250.0,14,Unknown,21.406115,-157.788988,25565
"Tustin - Irvine Blvd, CA",1198 Irvine Blvd,Tustin,CALIFORNIA,92780,USA,16,250.0,39,Unknown,33.747336,-117.808773,1256646
"Kodak, TN",170 Foretravel Dr,Kodak,TENNESSEE,37764,USA,12,250.0,297,Unknown,35.981638,-83.6056,33221
"Roanoke, VA",3353 Orange Ave NE,Roanoke,VIRGINIA,24012,USA,8,250.0,310,Unknown,37.299379,-79.894214,84936
"Daleville, VA",1725 Roanoke Rd,Daleville,VIRGINIA,24083,USA,8,250.0,389,Unknown,37.410024,-79.914045,84936
"Wade, NC",4001 Pembroke Ln,Wade,NORTH CAROLINA,28395,USA,8,250.0,41,Unknown,35.122319,-78.751481,70164
"Los Gatos - Los Gatos Blvd, CA",15980 Los Gatos Blvd,Los Gatos,CALIFORNIA,95032,USA,12,250.0,111,Unknown,37.236386,-121.962442,1256646
"San Antonio - W Loop 1604 N, TX",7010 W Loop 1604 N,San Antonio,TEXAS,78254,USA,16,250.0,275,Unknown,29.503634,-98.69925,230125
"Kingsville - E Corral Ave, TX",2104 East Corral Ave,Kingsville,TEXAS,78363,USA,8,250.0,17,Unknown,27.53086,-97.842375,230125
"Gainesville, VA",14461 Lee Hwy,Gainesville,VIRGINIA,20155,USA,8,250.0,104,Unknown,38.79248,-77.622001,84936
"Las Vegas - S Fort Apache Rd, NV",5240 S Fort Apache Rd,Las Vegas,NEVADA,89184,USA,8,250.0,795,Unknown,36.093947,-115.29709,47361
"Laughlin, NV",2700 S Casino Dr,Laughlin,NEVADA,89029,USA,8,250.0,172,Unknown,35.15031,-114.575664,47361
"San Diego - Village Way, CA",6030 Village Way,San Diego,CALIFORNIA,92130,USA,12,250.0,89,Unknown,32.96304,-117.18984,1256646
"Tofte, MN",10 Surfside Dr,Tofte,MINNESOTA,55615,USA,8,250.0,208,Unknown,47.564434,-90.855776,37050
"Thornton, NH",Clubhouse Lane,Thornton,NEW HAMPSHIRE,3285,USA,8,250.0,203,Unknown,43.870733,-71.652514,9861
"Bangor - Broadway, ME",685 Broadway,Bangor,MAINE,4401,USA,8,250.0,52,Unknown,44.8248,-68.779208,7377
"Boulder City, NV",18051 US-93 BUS,Boulder City,NEVADA,89005,USA,8,250.0,526,Unknown,36.009547,-114.782334,47361
"Ridgeland, SC",11142 N Jacob Smart Blvd,Ridgeland,SOUTH CAROLINA,29936,USA,8,250.0,15,Unknown,32.485474,-80.977876,20873
"Gretna, LA",2112 Belle Chasse Hwy,Gretna,LOUISIANA,70056,USA,8,250.0,0,Unknown,29.887477,-90.032859,8150
"East Palo Alto - E Bayshore Rd, CA",1770 E Bayshore Rd,East Palo Alto,CALIFORNIA,94303,USA,20,250.0,7,Unknown,37.460392,-122.138404,1256646
"Springfield - 6601 Springfield Mall, VA",6601 Springfield Mall,Springfield,VIRGINIA,22150,USA,20,250.0,72,Unknown,38.77627,-77.175921,84936
"Sisters, OR",625 N Arrowleaf Trail,Sisters,OREGON,97759,USA,8,250.0,973,Unknown,44.297162,-121.56292,64361
"Rancho Cucamonga - Haven Ave, CA",8443 Haven Ave,Rancho Cucamonga,CALIFORNIA,91730,USA,16,250.0,356,Unknown,34.100473,-117.575552,1256646
"Henderson - Paseo Verde Pkwy, NV",2300 Paseo Verde Pkwy,Henderson,NEVADA,89052,USA,12,250.0,664,Unknown,36.022754,-115.090142,47361
"Hamilton, TX",312 N Rice St,Hamilton,TEXAS,76531,USA,8,250.0,351,Unknown,31.706196,-98.122518,230125
"Kissimmee - E Irlo Bronson Memorial Hwy, FL",2338 E Irlo Bronson Memorial Hwy,Kissimmee,FLORIDA,34744,USA,12,250.0,27,Unknown,28.280288,-81.348103,254878
"Orlando - W Grant St, FL",120 W Grant St,Orlando,FLORIDA,32806,USA,16,250.0,33,Unknown,28.516287,-81.379958,254878
"Independence - S Noland Rd, MO",4545 S Noland Rd,Independence,MISSOURI,64055,USA,8,250.0,291,Unknown,39.03651,-94.413785,26861
"Rosedale - 8731 Pulaski Hwy, MD",8731 Pulaski Hwy,Rosedale,MARYLAND,21237,USA,8,250.0,8,Unknown,39.33621,-76.481351,72139
"Cockeysville, MD",10111 York Rd,Cockeysville,MARYLAND,21030,USA,8,250.0,22,Unknown,39.466015,-76.636285,72139
"Bossier City, LA",2735 Beene Blvd,Bossier City,LOUISIANA,71111,USA,12,250.0,51,Unknown,32.558941,-93.708548,8150
"Morrisville, NC",1600 Aviation Pkwy,Morrisville,NORTH CAROLINA,27560,USA,12,250.0,215,Unknown,35.854875,-78.795217,70164
"Las Vegas - Arroyo Crossing Pkwy, NV",7200 Arroyo Crossing Pkwy,Las Vegas,NEVADA,89118,USA,48,250.0,760,Unknown,36.063861,-115.247515,47361
"Chino, CA",12423 Central Ave,Chino,CALIFORNIA,91710,USA,38,250.0,241,Unknown,34.027566,-117.688205,1256646
"Alcoa, TN",117 Lindsay St,Alcoa,TENNESSEE,37701,USA,12,250.0,270,Unknown,35.764789,-83.97211,33221
"Encino, NM","Exit 234, I-40",Encino,NEW MEXICO,88321,USA,8,250.0,1900,Unknown,34.996195,-105.378114,10276
"Moriarty, NM",305 US Rt 66,Moriarty,NEW MEXICO,87035,USA,8,250.0,1897,Unknown,35.005233,-106.040409,10276
"Tucumcari - S 1st St, NM",2523 S 1st St,Tucumcari,NEW MEXICO,88401,USA,8,250.0,1257,Unknown,35.154908,-103.72529,10276
"Covina, CA",848 S Barranca Ave,Covina,CALIFORNIA,91723,USA,16,250.0,164,Unknown,34.074003,-117.880695,1256646
"Fort Pierce - Kings Hwy, FL",121 S Kings Hwy,Fort Pierce,FLORIDA,34945,USA,8,250.0,6,Unknown,27.446551,-80.399403,254878
"Hanover - Shipley Homestead Dr, MD",7910 Shipley Homestead Dr,Hanover,MARYLAND,21076,USA,8,250.0,57,Unknown,39.132463,-76.739539,72139
"Bonifay, FL",2765 S Waukesha St,Bonifay,FLORIDA,32425,USA,8,250.0,37,Unknown,30.760751,-85.685735,254878
"Luling, TX",10070 I-10,Luling,TEXAS,78658,USA,16,250.0,104,Unknown,29.651054,-97.595174,230125
"Santa Clarita - Newhall Ranch Rd, CA",28273 Newhall Ranch Rd,Santa Clarita,CALIFORNIA,91355,USA,24,250.0,333,Unknown,34.441547,-118.577621,1256646
"Bernalillo, NM",1304 Warrior Way,Bernalillo,NEW MEXICO,87004,USA,8,250.0,1561,Unknown,35.326303,-106.567036,10276
"Clovis, NM",4116 N Prince St,Clovis,NEW MEXICO,88101,USA,8,250.0,1313,Unknown,34.440923,-103.196871,10276
"Grove City - London Groveport Rd, OH",2811 London Groveport Rd,Grove City,OHIO,43123,USA,12,250.0,248,Unknown,39.837853,-83.079126,50393
"La Quinta - Washington St, CA",50993 Washington St,La Quinta,CALIFORNIA,92253,USA,8,250.0,13,Unknown,33.678542,-116.296225,1256646
"Jacksonville - River City Marketplace, FL",13221 City Center Blvd,Jacksonville,FLORIDA,32218,USA,16,250.0,9,Unknown,30.477032,-81.642532,254878
"El Paso - Eastlake Blvd, TX",12161 Eastlake Blvd,El Paso,TEXAS,79928,USA,20,250.0,1147,Unknown,31.688723,-106.264541,230125
"San Diego - Fenton Pkwy, CA",2149 Fenton Pkwy,San Diego,CALIFORNIA,92108,USA,8,250.0,24,Unknown,32.781473,-117.127532,1256646
"Johnstown, CO",5201 Nugget Rd,Johnstown,COLORADO,80513,USA,20,250.0,1543,Unknown,40.334593,-104.984935,90083
"Irvine - Irvine Blvd, CA",4790 Irvine Blvd,Irvine,CALIFORNIA,92620,USA,8,250.0,71,Unknown,33.713119,-117.760834,1256646
"Yorba Linda - Yorba Linda Blvd, CA",18180 Yorba Linda Blvd,Yorba Linda,CALIFORNIA,92886,USA,8,250.0,111,Unknown,33.887945,-117.816673,1256646
"Alameda - Marina Village Pkwy, CA",1201 Marina Village Pkwy,Alameda,CALIFORNIA,94501,USA,12,250.0,3,Unknown,37.785415,-122.272415,1256646
"Santa Clarita - Magic Mountain Pkwy, CA",24235 Magic Mountain Pkwy,Santa Clarita,CALIFORNIA,91355,USA,16,250.0,344,Unknown,34.41895,-118.559089,1256646
"Atlanta - Krog St NE, GA",99 Krog St NE,Atlanta,GEORGIA,30307,USA,8,250.0,299,Unknown,33.757056,-84.363381,92368
"Irvine - Spectrum Center Dr, CA",950 Spectrum Center Dr,Irvine,CALIFORNIA,92618,USA,24,250.0,71,Unknown,33.647749,-117.739207,1256646
"Lake City - US-441, FL",14170 US-441,Lake City,FLORIDA,32024,USA,8,250.0,29,Unknown,29.995807,-82.599002,254878
"Austin - E Ben White Blvd, TX",2205 E Ben White Blvd,Austin,TEXAS,78744,USA,16,250.0,198,Unknown,30.214939,-97.742076,230125
"Black River Falls, WI",925 Commerce Dr,Black River Falls,WISCONSIN,54615,USA,11,250.0,268,Unknown,44.294111,-90.826731,24943
"Burlington - 9400 Old Hwy 99 N, WA",9400 Old Highway 99 North Road,Burlington,WASHINGTON,98233,USA,12,250.0,10,Unknown,48.509479,-122.337636,152101
"San Rafael - Northgate Dr, CA",270 Northgate Dr,San Rafael,CALIFORNIA,94903,USA,12,250.0,6,Unknown,38.009266,-122.548661,1256646
"Gainesville, TX",1200 I-35 N Frontage Rd,Gainesville,TEXAS,76240,USA,8,250.0,225,Unknown,33.635646,-97.154848,230125
"Miami Gardens, FL",2700 NW 183rd St,Miami Gardens,FLORIDA,33056,USA,8,250.0,2,Unknown,25.940624,-80.245513,254878
"Bellevue - NE 8th St, WA",10770 NE 8th St,Bellevue,WASHINGTON,98004,USA,8,250.0,55,Unknown,47.617714,-122.196617,152101
"Redlands - Alabama St, CA",10010 Alabama St,Redlands,CALIFORNIA,92374,USA,20,250.0,372,Unknown,34.07179,-117.210598,1256646
"South Lake Tahoe - Harrison Ave, CA",3079 Harrison Ave,South Lake Tahoe,CALIFORNIA,96150,USA,12,250.0,1909,Unknown,38.940414,-119.977858,1256646
"Milpitas - 20 S Abbott Ave, CA",20 S Abbott Ave,Milpitas,CALIFORNIA,95035,USA,8,250.0,5,Unknown,37.427494,-121.9134,1256646
"Milpitas - Dempsey Rd, CA",1479 Dempsey Rd,Milpitas,CALIFORNIA,95035,USA,11,250.0,27,Unknown,37.415391,-121.878074,1256646
"Orlando - Universal Blvd, FL",6000 Universal Blvd,Orlando,FLORIDA,32819,USA,12,250.0,32,Unknown,28.474481,-81.46149,254878
"West Palm Beach - 45th St, FL",2370 45th Street,West Palm Beach,FLORIDA,33401,USA,8,250.0,4,Unknown,26.758121,-80.088922,254878
"Ocala - 49th St, FL",I-75 & 49th Street,Ocala,FLORIDA,34475,USA,28,250.0,24,Unknown,29.237539,-82.188467,254878
"Vandalia, IL",701 Veterans Ave,Vandalia,ILLINOIS,62471,USA,8,250.0,158,Unknown,38.978055,-89.099219,99573
"San Antonio - Broadway, TX",718 Broadway,San Antonio,TEXAS,78215,USA,16,250.0,203,Unknown,29.432144,-98.48244,230125
"Naples - Premier Way, FL",5934 Premier Way,Naples,FLORIDA,34109,USA,12,250.0,7,Unknown,26.212685,-81.790775,254878
"Fairfield, TX",1015 W Commerce St,Fairfield,TEXAS,75840,USA,12,250.0,147,Unknown,31.725331,-96.17837,230125
"Hollywood, FL",106 S State Rd 7,Hollywood,FLORIDA,33023,USA,8,250.0,3,Unknown,26.00982,-80.207831,254878
"Delray Beach - W Atlantic Ave, FL",7263 W Atlantic Ave,Delray Beach,FLORIDA,33446,USA,8,250.0,6,Unknown,26.45468,-80.161252,254878
"Miami - Blue Lagoon Dr, FL",5600 Blue Lagoon Dr,Miami,FLORIDA,33126,USA,8,250.0,1,Unknown,25.781403,-80.287682,254878
"Paso Robles - Riverside Ave, CA",1111 Riverside Ave,Paso Robles,CALIFORNIA,93446,USA,8,250.0,217,Unknown,35.626263,-120.68703,1256646
"Atascadero - El Camino Real, CA",900 El Camino Real,Atascadero,CALIFORNIA,93422,USA,8,250.0,249,Unknown,35.527547,-120.703609,1256646
"New Kent, VA",Emmaus Church Road,New Kent,VIRGINIA,23124,USA,24,250.0,52,Unknown,37.505449,-77.081874,84936
"Houston - Kipling Street, TX",2126 Kipling Street,Houston,TEXAS,77098,USA,12,250.0,9,Unknown,29.739757,-95.412036,230125
"Bristol - Euclid Ave, VA",1200 Euclid Ave,Bristol,VIRGINIA,24201,USA,8,250.0,556,Unknown,36.60191,-82.191436,84936
"Springfield - N Mulroy Rd, MO",North Mulroy Rd,Springfield,MISSOURI,65757,USA,16,250.0,425,Unknown,37.252772,-93.182327,26861
"Humble, TX",6121 Will Clayton Parkway,Humble,TEXAS,77338,USA,12,250.0,25,Unknown,29.984472,-95.299508,230125
"Austin - E SH-71, TX",3132 E SH-71,Austin,TEXAS,78617,USA,8,250.0,143,Unknown,30.203577,-97.642507,230125
"Marina Del Rey - Admiralty Way, CA",4635 Admiralty Way,Marina Del Rey,CALIFORNIA,90292,USA,10,250.0,4,Unknown,33.981839,-118.44174,1256646
"Alamosa, CO",720 Main Street,Alamosa,COLORADO,81101,USA,8,250.0,2299,Unknown,37.4673976,-105.8683603,90083
"Pearland, TX",11151 Shadow Creek Parkway,Pearland,TEXAS,77584,USA,12,250.0,22,Unknown,29.580184,-95.392324,230125
"Bee Cave - Bee Cave Pkwy, TX",13717 Bee Cave Pkwy,Bee Cave,TEXAS,78738,USA,20,250.0,263,Unknown,30.317337,-97.953102,230125
"Lantana, FL",1201 W Lantana Rd,Lantana,FLORIDA,33462,USA,12,250.0,5,Unknown,26.587844,-80.064215,254878
"White Plains, NY",423 Tarrytown Rd,White Plains,NEW YORK,10607,USA,12,250.0,60,Unknown,41.042806,-73.800899,131250
"Clark, NJ",36 Valley Rd,Clark,NEW JERSEY,7066,USA,12,250.0,19,Unknown,40.627689,-74.301528,134753
"Indianapolis - Waterway Blvd, IN",1218 Waterway Blvd,Indianapolis,INDIANA,46202,USA,16,250.0,212,Unknown,39.784679,-86.184536,26101
"Kirkland, WA",12221 120th Ave NE,Kirkland,WASHINGTON,98034,USA,12,250.0,48,Unknown,47.708072,-122.182989,152101
"Orlando - E Colonial Dr, FL",8049 E Colonial Dr,Orlando,FLORIDA,32818,USA,8,250.0,24,Unknown,28.568833,-81.277982,254878
"Troutman, NC",123 Julian Pl,Troutman,NORTH CAROLINA,28166,USA,12,250.0,286,Unknown,35.676176,-80.85699,70164
"New Caney, TX",2218 Market Place Dr,New Caney,TEXAS,77357,USA,16,250.0,32,Unknown,30.131229,-95.235042,230125
"Missoula - US-93 N, MT",8745 US-93 N,Missoula,MONTANA,59808,USA,12,250.0,1001,Unknown,46.955035,-114.131741,4608
"Encinitas (SC), CA",1302 Encinitas Blvd,Encinitas,CALIFORNIA,92024,USA,8,250.0,79,Unknown,33.046319,-117.262142,1256646
"Livingston, TX",1155 E Church St,Livingston,TEXAS,77351,USA,8,250.0,53,Unknown,30.711715,-94.921292,230125
"Kalispell, MT",859 W Reserve Dr,Kalispell,MONTANA,59901,USA,12,250.0,914,Unknown,48.241078,-114.326445,4608
"Bakersfield - Camino Del Rio Ct, CA",3100 Camino Del Rio Ct,Bakersfield,CALIFORNIA,93308,USA,12,250.0,123,Unknown,35.382675,-119.047533,1256646
"Reno - S Virginia St, NV",4001 S Virginia St,Reno,NEVADA,89502,USA,16,250.0,1358,Unknown,39.487507,-119.796682,47361
"Cleveland - W 150th St, OH",4277 W 150th St,Cleveland,OHIO,44135,USA,12,250.0,239,Unknown,41.43802,-81.800282,50393
"Dallas - N Westmoreland Rd, TX",2089 N Westmoreland Rd,Dallas,TEXAS,75212,USA,8,250.0,152,Unknown,32.770979,-96.873497,230125
"Aberdeen - N Philadelphia Blvd, MD",231 N Philadelphia Blvd,Aberdeen,MARYLAND,21001,USA,8,250.0,22,Unknown,39.513592,-76.160226,72139
"Hollister - Airline Hwy, CA",1700 Airline Hwy,Hollister,CALIFORNIA,95023,USA,20,250.0,97,Unknown,36.837926,-121.391328,1256646
"Kennesaw, GA",440 Ernest West Barrett Parkway,Kennesaw,GEORGIA,30144,USA,12,250.0,313,Unknown,34.013116,-84.563224,92368
"Provincetown, MA",698 Commerical St,Provincetown,MASSACHUSETTS,2657,USA,12,250.0,3,Unknown,42.062319,-70.162513,73768
"Fremont - Thornton Ave, CA",3700 Thornton Ave,Fremont,CALIFORNIA,94536,USA,12,250.0,16,Unknown,37.561924,-122.010274,1256646
"Butte - Grizzly Trl, MT",1000 Grizzly Trail,Butte,MONTANA,59701,USA,8,250.0,1642,Unknown,46.005253,-112.61086,4608
"Orlando - Eagle Watch Dr, FL",7074 Eagle Watch Dr,Orlando,FLORIDA,32822,USA,20,250.0,29,Unknown,28.460949,-81.308287,254878
"Willowick, OH",30320 Lakeshore Blvd,Willowick,OHIO,44095,USA,12,250.0,187,Unknown,41.637135,-81.475471,50393
"Half Moon Bay, CA",50 Cabrillo Hwy N,Half Moon Bay,CALIFORNIA,94019,USA,12,250.0,14,Unknown,37.469394,-122.435001,1256646
"Orlando - International Dr, FL",6315 International Dr,Orlando,FLORIDA,32819,USA,12,250.0,33,Unknown,28.461636,-81.467433,254878
"Torrance - W Knox St, CA",1441 W Knox St,Torrance,CALIFORNIA,90501,USA,32,250.0,15,Unknown,33.854799,-118.299614,1256646
"Early, TX",117 Early Blvd,Early,TEXAS,76802,USA,8,250.0,407,Unknown,31.733201,-98.968053,230125
"Cedar Park - E Whitestone Blvd, TX",2800 E Whitestone Blvd,Cedar Park,TEXAS,78613,USA,12,250.0,259,Unknown,30.533253,-97.783577,230125
"Newport Beach, CA",4251 MacArthur Blvd,Newport Beach,CALIFORNIA,92660,USA,12,250.0,16,Unknown,33.665072,-117.864896,1256646
"Mesa - Guadalupe Rd, AZ",1941 W Guadalupe Rd,Mesa,ARIZONA,85202,USA,16,250.0,366,Unknown,33.363445,-111.875334,89798
"Tallahassee - Thomasville Rd, FL",3424 Thomasville Rd,Tallahassee,FLORIDA,32309,USA,12,250.0,68,Unknown,30.504341,-84.252123,254878
"San Antonio - Worth Pkwy, TX",5833 Worth Pkwy,San Antonio,TEXAS,78257,USA,20,250.0,326,Unknown,29.61331,-98.598076,230125
"Ontario - SE 10th St, OR",212 SE 10th St,Ontario,OREGON,97914,USA,8,250.0,656,Unknown,44.023099,-116.949487,64361
"Lawrence, MA",141 Winthrop Ave,Lawrence,MASSACHUSETTS,1843,USA,8,250.0,18,Unknown,42.687406,-71.14663,73768
"North Augusta, SC",1014 Edgefield Rd,North Augusta,SOUTH CAROLINA,29860,USA,8,250.0,154,Unknown,33.569471,-81.938767,20873
"Santo, TX",87121 I-20,Santo,TEXAS,78725,USA,12,250.0,249,Unknown,32.61173,-98.109967,230125
"Chatsworth - Mason Ave, CA",9825 Mason Ave,Chatsworth,CALIFORNIA,91311,USA,20,250.0,277,Unknown,34.248337,-118.580016,1256646
"Northwood, OH",2839 Curtice Rd,Northwood,OHIO,43619,USA,12,250.0,186,Unknown,41.617518,-83.482021,50393
"Pollock Pines, CA",7720 US-50,Pollock Pines,CALIFORNIA,95726,USA,12,250.0,1105,Unknown,38.759738,-120.530172,1256646
"Fort Worth - Eastchase Pkwy, TX",1111 Eastchase Pkwy,Fort Worth,TEXAS,76120,USA,16,250.0,154,Unknown,32.762928,-97.16682,230125
"Oklahoma City - W Sheridan Ave, OK",900 W Sheridan Ave,Oklahoma City,OKLAHOMA,73106,USA,8,250.0,366,Unknown,35.466015,-97.527568,22843
"Jacksonville - Sago Ave W, FL",12333 Sago Ave W,Jacksonville,FLORIDA,32218,USA,12,250.0,10,Unknown,30.461054,-81.63318,254878
"Capitola, CA",2001 41st Ave,Capitola,CALIFORNIA,95010,USA,16,250.0,27,Unknown,36.978527,-121.965848,1256646
"Gardena, CA",1425 Artesia Blvd,Gardena,CALIFORNIA,90248,USA,20,250.0,7,Unknown,33.873172,-118.300857,1256646
"Bozeman - Max Ave, MT",2913 Max Ave,Bozeman,MONTANA,59718,USA,8,250.0,1428,Unknown,45.708506,-111.069261,4608
"McFarland, CA",31988 CA-46,McFarland,CALIFORNIA,93250,USA,8,250.0,130,Unknown,35.599782,-119.209871,1256646
"Scott, LA",109 Benoit Patin Rd,Scott,LOUISIANA,70583,USA,8,250.0,11,Unknown,30.242833,-92.106083,8150
"Converse, TX",3835 E Loop 1604 N,Converse,TEXAS,78109,USA,12,250.0,200,Unknown,29.46409,-98.289075,230125
"West Palm Beach - Okeechobee Blvd, FL",2015 Okeechobee Blvd,West Palm Beach,FLORIDA,33409,USA,12,250.0,5,Unknown,26.706474,-80.080072,254878
"Oakland Park, FL",1675 W Oakland Park Blvd,Oakland Park,FLORIDA,33311,USA,12,250.0,1,Unknown,26.166146,-80.164885,254878
"Tehachapi, CA",580 Monolith Street,Tehachapi,CALIFORNIA,93561,USA,40,250.0,1230,Unknown,35.125216,-118.406785,1256646
"Chino - Central Ave, CA",12170 Central Ave,Chino,CALIFORNIA,91710,USA,12,250.0,241,Unknown,34.032585,-117.690184,1256646
"Frederick - Ballenger Creek Pike, MD",5833 Ballenger Creek Pike,Frederick,MARYLAND,21703,USA,8,250.0,99,Unknown,39.392566,-77.438609,72139
"Timonium, MD",100 W Padonia Rd,Timonium,MARYLAND,21093,USA,12,250.0,99,Unknown,39.455973,-76.635703,72139
"Dover - Forest St, DE",1450 Forest St,Dover,DELAWARE,19904,USA,8,250.0,16,Unknown,39.158384,-75.558542,8435
"Rancho Palos Verdes, CA",28901 S Western Ave,Rancho Palos Verdes,CALIFORNIA,90275,USA,24,250.0,93,Unknown,33.756556,-118.312364,1256646
"Annapolis, MD",217 Harker Place,Annapolis,MARYLAND,21401,USA,8,150.0,21,Unknown,38.980071,-76.540498,72139
"Cherry Hill - Walt Whitman, NJ",Walt Whitman Service Area,Cherry Hill,NEW JERSEY,8034,USA,8,250.0,20,Unknown,39.885339,-75.002825,134753
"Mount Laurel - James Fenimore, NJ",James Fenimore Cooper Service Area,Mount Laurel,NEW JERSEY,8054,USA,8,250.0,13,Unknown,39.980733,-74.887217,134753
"South San Francisco, CA",250 Gateway Blvd,South San Francisco,CALIFORNIA,94080,USA,20,72.0,7,Unknown,37.655243,-122.401321,1256646
"Peachtree Corners, GA",5220 Town Center Blvd,Peachtree Corners,GEORGIA,30092,USA,12,250.0,305,Unknown,33.978802,-84.214918,92368
"East Brunswick, NJ","Joyce Kilmer Service Area, New Jersey Turnpike",East Brunswick,NEW JERSEY,8816,USA,8,250.0,36,Unknown,40.415973,-74.444706,134753
"Marietta - Roswell Rd, GA",4475 Roswell Rd,Marietta,GEORGIA,30062,USA,8,250.0,317,Unknown,33.986776,-84.421616,92368
"Hawthorne, CA",1 Rocket Rd,Hawthorne,CALIFORNIA,90250,USA,12,250.0,18,Unknown,33.921068,-118.330054,1256646
"Macon, GA",450 Martin Luther King Jr Blvd,Macon,GEORGIA,31201,USA,8,150.0,98,Unknown,32.8334275,-83.6255567,92368
"Highland Park (SC), IL",1200 Old Skokie Rd,Highland Park,ILLINOIS,60035,USA,4,120.0,195,Unknown,42.17434,-87.816626,99573
"Beaver, UT",Littlefield Interchange,Beaver,UTAH,84713,USA,8,150.0,1790,Unknown,38.249149,-112.652524,39998
"Riviera Beach, FL",4651 Dyer Blvd,Riviera Beach,FLORIDA,33407,USA,8,120.0,4,Unknown,26.7781155,-80.1091072,254878
"Nashville - Brentwood (SC), TN",1641 Westgate Circle,Nashville,TENNESSEE,37027,USA,6,150.0,226,Unknown,35.969209,-86.804641,33221
"Warsaw - Hwy 24, NC",2676 W Nc 24 Hwy,Warsaw,NORTH CAROLINA,28398,USA,6,150.0,47,Unknown,34.994272,-78.136679,70164
"Buena Park (SC), CA",6692 Auto Center Dr,Buena Park,CALIFORNIA,90621,USA,8,120.0,25,Unknown,33.863379,-117.99103,1256646
"Joplin - Range Line Rd, MO",3615 Range Line Rd,Joplin,MISSOURI,64804,USA,8,150.0,314,Unknown,37.047552,-94.473399,26861
"National Harbor - National Plaza, MD",120 Waterfront Street,Oxon Hill,MARYLAND,20745,USA,12,120.0,8,Unknown,38.785823,-77.015745,72139
"Alpharetta (SC), GA",1400 Upper Hembree Rd,Roswell,GEORGIA,30076,USA,2,72.0,340,Unknown,34.067199,-84.318835,92368
"St. George - Convention Center Drive, UT",Convention Center Dr,St. George,UTAH,84790,USA,4,72.0,776,Unknown,37.077652,-113.583912,39998
"San Diego - Del Mar Heights Rd, CA",Del Mar Heights Rd,San Diego,CALIFORNIA,92130,USA,18,72.0,67,Unknown,32.952645,-117.235974,1256646
"Millersville, MD",8300 Veterans Hwy,Millersville,MARYLAND,21108,USA,8,250.0,30,Unknown,39.110684,-76.631323,72139
"Decatur (SC), GA",1580 Church St,Decatur,GEORGIA,30033,USA,4,120.0,310,Unknown,33.793217,-84.285379,92368
"Salem - Apperson Dr, VA",1435 Apperson Dr,Salem,VIRGINIA,24153,USA,2,72.0,306,Unknown,37.271756,-80.037063,84936
"Albert Lea, MN",811 East Plaza St,Albert Lea,MINNESOTA,56007,USA,4,120.0,383,Unknown,43.68606,-93.357721,37050
"Las Vegas - W Flamingo Rd, NV",3700 W Flamingo Rd,Las Vegas,NEVADA,89103,USA,6,72.0,655,Unknown,36.1206,-115.1873,47361
"Knoxville - Neyland Drive, TN",400 Neyland Dr,Knoxville,TENNESSEE,37902,USA,4,72.0,251,Unknown,35.959109,-83.916658,33221
"Moraine (SC), OH",1927 W Dorothy Ln,Moraine,OHIO,45439,USA,2,250.0,248,Unknown,39.710368,-84.20743,50393
"Grand Ave (SC), Chicago, IL",1053 W Grand Ave,Chicago,ILLINOIS,60642,USA,2,120.0,181,Unknown,41.890732,-87.654125,99573
"Fort Myers (closed), FL",9903 Gulf Coast Main St,Fort Myers,FLORIDA,33913,USA,8,150.0,6,Unknown,26.48564,-81.787136,254878
"Rogers (SC), MN",22015 S Diamond Lake Rd,Rogers,MINNESOTA,55374,USA,2,250.0,282,Unknown,45.199393,-93.560314,37050
"Iowa, LA",800 V F Factory Outlet Dr,Iowa,LOUISIANA,70647,USA,8,250.0,7,Unknown,30.247262,-93.010598,8150
"Blue Ash (SC), OH",9111 Blue Ash Rd,Blue Ash,OHIO,45242,USA,8,150.0,258,Unknown,39.224429,-84.383415,50393
"Burbank (SC), CA",811 S San Fernando Blvd,Burbank,CALIFORNIA,91502,USA,6,120.0,168,Unknown,34.174712,-118.300826,1256646
